,RiskScore
0,33.12737625805273
1,56.75461964047844
2,30.62335892474062
3,34.374359656340246
4,34.283471597777684
5,73.70066890452176
6,31.03428132778417
7,29.85256771622913
8,30.627070404190192
9,62.46894648502273
10,51.999843200769526
11,28.485556472981372
12,49.89434567596186
13,36.9957519932598
14,52.17699096840238
15,62.84504563849934
16,25.307368294889528
17,30.34730354533002
18,67.39487743172181
19,57.74538658561695
20,76.01996008437513
21,30.892864058628476
22,65.3296086107358
23,36.55314474227924
24,55.40109820270928
25,29.334362953517754
26,33.72232186691935
27,29.731429717534816
28,55.55292809787894
29,76.55876607441593
30,31.8750138743479
31,64.04447820983766
32,32.53257081747595
33,30.61619685554686
34,38.783019819326846
35,37.301642076842015
36,68.30491116530482
37,56.99421010460475
38,46.38282955987155
39,70.94825983028096
40,65.03436982211387
41,58.06138212596508
42,75.48336793950781
43,27.062643326387082
44,47.37977563849453
45,29.29525135012117
46,34.529706019362116
47,70.41100801455183
48,29.97923689383755
49,34.658242904745244
50,61.591274628560384
51,58.904177957336955
52,51.724584268662426
53,34.126745857901994
54,30.66862583920993
55,34.05928215374942
56,74.73006879972483
57,37.66929876340016
58,41.98590836646418
59,58.269332642370415
60,72.63977714282528
61,51.04829602681482
62,28.256265655465526
63,80.4244642663443
64,28.368711946313496
65,32.35169060269901
66,57.60445397438578
67,62.99899278630683
68,37.81809585769381
69,64.53479240384218
70,38.59238541783154
71,41.645399468090545
72,49.446936677386596
73,64.06998023080524
74,55.7831248072236
75,61.707382779196244
76,66.74335643212
77,26.973902622896247
78,49.931466130930744
79,61.53234048827613
80,67.66844179809101
81,63.26081450279693
82,57.689813182327775
83,36.335173966936075
84,69.00901021862602
85,70.6175214860857
86,59.107603175574695
87,26.84463462438103
88,55.24180632756485
89,76.22555220714747
90,33.77886763396581
91,59.90067727143153
92,34.280699838270536
93,29.716539264380472
94,38.92218299706085
95,37.349391240203204
96,35.405277588409795
97,64.85147669975338
98,33.38213538567643
99,64.81598060372465
100,34.233122929485305
101,33.197392802920746
102,70.84957025571222
103,74.90599274251022
104,29.386805079959558
105,85.51727082570508
106,69.99189201456736
107,70.44115352116962
108,36.15143873505894
109,75.20735702835503
110,48.88104016901364
111,65.14206124551471
112,79.60381209556543
113,67.52889475557858
114,64.52412144841779
115,33.86058690478834
116,72.97037789719447
117,56.74244429255161
118,38.558410668566665
119,45.91870042803154
120,28.71735551666103
121,74.25885543908646
122,29.76692762894882
123,58.24395642216615
124,33.528522802091075
125,65.66399865066289
126,14.144142396993445
127,28.156109090894375
128,34.56810381475222
129,75.77554308136595
130,29.807911140015598
131,65.8540574507453
132,72.34555006343778
133,79.9841930202116
134,25.856509953229526
135,35.788646098032224
136,24.196498304590897
137,33.983295135012796
138,35.640098914070904
139,41.40012842995032
140,49.46894718651081
141,51.108375898529715
142,26.293780441405907
143,26.549346731750994
144,66.48215820521476
145,31.034480483207787
146,54.31268639769394
147,72.06646416884571
148,69.77758990453155
149,70.54585984128232
150,38.20662577222127
151,32.335212237606406
152,72.7124891564966
153,44.97623500902389
154,61.40086610640482
155,36.40290457476364
156,67.14357534169973
157,69.1022725281208
158,62.69102966556622
159,67.41641526479198
160,48.28119771702541
161,33.177667440918405
162,67.09052381121711
163,34.63459617992057
164,45.513542659164095
165,54.77189040639962
166,31.051553244301424
167,46.18184315076344
168,33.635738670469046
169,27.228039355809663
170,35.41660646572575
171,38.169137177913505
172,64.67888554996891
173,43.228135664854015
174,33.93332435583833
175,41.37706310483977
176,65.3825062775463
177,41.30630497696445
178,15.51343314898611
179,70.09442883140335
180,39.702371821375536
181,34.01961796930635
182,66.95577249997663
183,46.72961119291926
184,76.53496566034288
185,70.36403923974783
186,70.6630726940575
187,65.17032531299007
188,34.67576267931657
189,20.58706129332773
190,30.634204557505264
191,73.91756492585561
192,62.56098280674328
193,31.197186356943647
194,64.35026774703424
195,28.983048886461404
196,31.8662395188636
197,63.282981286114406
198,74.60261192644651
199,35.55195341091862
200,29.381792418673086
201,61.50476127312455
202,30.588373816058265
203,33.47894669833046
204,73.8278048104671
205,61.969060029663126
206,62.15808515865761
207,52.276620923741035
208,56.57259059275145
209,71.64551794793924
210,28.829591279748577
211,28.11648725428092
212,69.78963409074062
213,67.01276663146766
214,39.14440598277546
215,57.787727633201754
216,69.15603279230284
217,75.56615654151557
218,55.55201060452168
219,31.315689985899823
220,33.265172614210535
221,33.556859793559916
222,32.190043641389174
223,59.05760189201142
224,29.534299476919742
225,67.83748292490485
226,56.386563142808896
227,31.456007910881716
228,36.03835313678088
229,37.96069559367133
230,43.29150853267311
231,54.10984316628989
232,54.987281948614076
233,59.97527917108357
234,69.78167942557056
235,41.364770980393786
236,30.439181520617673
237,54.33942511739238
238,63.91412351271927
239,28.7851039496312
240,63.56946350650628
241,68.02776182876606
242,48.745790944865625
243,67.71749194913397
244,65.94905989453675
245,69.7177549463615
246,24.94741791160775
247,41.60176779948296
248,78.6269155962238
249,22.89471648833502
250,62.96958995713517
251,32.323900910221006
252,49.79417998490491
253,40.90109541018772
254,54.304896603126046
255,35.296297188948955
256,56.27284049670858
257,66.09471959576301
258,64.7028681612079
259,35.94659746853635
260,51.06131382531126
261,48.180663762613875
262,27.991689945284257
263,77.95346700665881
264,60.58579180177548
265,25.538403385655158
266,43.096510748841574
267,22.245321738167995
268,65.77049972336411
269,79.16181045451103
270,69.27591974037922
271,72.10907083490076
272,31.554373062866325
273,48.81869765355684
274,27.648341426043054
275,39.470644578948026
276,66.09763942706158
277,32.89399545081952
278,62.571066077007465
279,26.93673260558125
280,60.91038161848955
281,60.605970282549244
282,63.79127034818717
283,57.97895042338243
284,35.83706960913532
285,32.04994149293001
286,30.414743229888202
287,72.71457902288272
288,53.2944847214068
289,33.60895693044222
290,62.30796633338513
291,38.551420606515585
292,56.061841180481125
293,66.58186852139559
294,32.21971452622959
295,70.88612914411345
296,65.06801736177368
297,33.05284284142052
298,35.32459720291613
299,74.48875618115208
300,49.92517644208479
301,69.69760649502929
302,49.303603380404624
303,34.67864185027587
304,59.187752446105875
305,31.20127339304876
306,34.47042808407185
307,68.89810580055294
308,61.229445883151286
309,31.466509563664943
310,64.21408759163438
311,57.11129348558087
312,56.772216600684445
313,40.80494987301161
314,64.85271326041222
315,76.89416484051875
316,39.15307434044497
317,34.88694661378004
318,64.65164738405502
319,34.8222256249629
320,29.706484930801672
321,33.92588870699358
322,74.51450143664664
323,70.56404440469106
324,83.64274136142794
325,31.17012990454228
326,74.99173659932546
327,31.385131965779067
328,42.53350845007172
329,29.82295645273394
330,56.42104399019888
331,83.28125406118765
332,22.28158579348854
333,66.032720438556
334,60.38024233686593
335,60.26037088548482
336,61.07635524484687
337,30.36302816576788
338,33.792083322885034
339,51.97006603986999
340,73.75515614802055
341,74.57392333469787
342,70.32662309280147
343,64.12855723565609
344,31.897016088601994
345,32.10811399973647
346,46.76115321592048
347,38.85304231551635
348,37.79667411498919
349,25.742952054184798
350,43.29691927779605
351,31.598980380907612
352,66.81620736459469
353,27.77111320659182
354,32.847144367875096
355,32.936261394611925
356,27.75005999833364
357,29.194244842892644
358,27.24549654580869
359,70.13904911644588
360,26.65334728900512
361,24.814528207155107
362,32.52802750697017
363,63.56065376938504
364,53.02403593594144
365,55.36051695736337
366,53.412763464783126
367,34.52582587807264
368,71.24330836072397
369,43.873303012535075
370,37.79693637967356
371,30.064890809201337
372,32.00008575116856
373,68.62362708400337
374,58.35300978352772
375,36.9041501576389
376,28.83935063564946
377,61.770004586950336
378,38.56340052610178
379,74.55172457829786
380,35.17816838376445
381,30.374297253583734
382,60.49026344588085
383,69.34649776858703
384,55.10243918136312
385,64.08435695372899
386,29.46877550629098
387,27.545646935067026
388,63.67925005356861
389,32.59051101625638
390,65.98207163167464
391,66.6752349954105
392,61.4474855976975
393,40.65405157335379
394,66.90564110689184
395,66.46050042522164
396,32.76843963780973
397,28.9544637175253
398,73.23166547459536
399,31.423181104303353
400,58.03740641347663
401,63.668399733174425
402,28.23365462786272
403,65.19565874578998
404,65.15394391324934
405,58.35363936369548
406,29.972654409381192
407,62.91347178492413
408,54.28555980769234
409,33.51095238220142
410,34.29951440644411
411,42.11262848083672
412,33.43875810886525
413,31.797886315531024
414,57.68831463250959
415,43.3665203914738
416,48.44698782157564
417,36.718629454264565
418,30.97249397754097
419,56.220002905635226
420,25.986910211622494
421,38.911011815245956
422,31.596998177291063
423,63.895603531447314
424,25.1494170174293
425,55.13405631914459
426,31.5068073780983
427,33.262508679695564
428,58.10300132931266
429,32.70974092629855
430,59.19326518099837
431,30.609577017893344
432,64.81291574547525
433,69.65204677616762
434,69.05839664369176
435,58.59027911074285
436,27.821104065843983
437,65.38846858275875
438,40.027514228048126
439,49.343481624039015
440,70.93379921646452
441,29.963051660969377
442,75.10276402076529
443,61.22698356267776
444,69.38738477166638
445,69.48116503873543
446,65.29160855280121
447,38.49502781250017
448,64.33551161337533
449,78.50847977476262
450,68.16144122583026
451,72.5774634481077
452,29.875000252659035
453,61.63843755551528
454,63.50281427770694
455,34.08084137971365
456,41.730752023652165
457,60.37808946654727
458,36.171016687249896
459,58.69923224305384
460,34.45158566592777
461,37.11470428038055
462,30.150002196771766
463,52.22493345355274
464,28.52150699099294
465,37.98164679363443
466,30.972776568038007
467,69.85148664942335
468,40.45539599662975
469,76.09167663009457
470,61.895502947992846
471,69.62436809715804
472,37.55347237959812
473,34.259157681138475
474,29.694974030694674
475,65.86545443557624
476,29.728249239635126
477,70.76953378659866
478,28.868592362183023
479,60.57085369475524
480,57.50510459081654
481,39.442714182948585
482,74.9205798904509
483,36.56353341935103
484,34.32011606139563
485,43.71159985047461
486,71.15437986354493
487,34.217277395637936
488,70.66943580621023
489,27.933374911229066
490,68.20261295347865
491,36.795118789363244
492,70.15914590380304
493,31.430575128491377
494,64.2574553692878
495,35.70002787694557
496,82.6277385936238
497,65.1943129479608
498,53.38897632839577
499,29.916579556430797
500,46.246626564804025
501,39.06618661078339
502,68.3863482725765
503,27.636998942295875
504,33.54180313749782
505,52.059718201180374
506,51.63156190717102
507,71.31188796018914
508,28.420193407114944
509,76.2329458292785
510,49.755507791829224
511,46.843695334625224
512,28.58451580394304
513,82.69159898713315
514,67.73711842894971
515,37.04429420680991
516,37.85041164417388
517,35.197060459058065
518,39.722266171970766
519,41.555855548524384
520,65.83892443311521
521,71.94445763012276
522,68.0183308145552
523,27.747309879868432
524,49.92905603119451
525,65.75685126588165
526,50.359210329609276
527,60.12349962925269
528,21.89113798691904
529,39.03641441685274
530,32.518189572180674
531,24.90863750775201
532,49.63325294774725
533,56.187872717813065
534,65.93321232830064
535,34.377421412029854
536,57.597884054645874
537,72.40324172624787
538,65.8900400430861
539,73.51027955598812
540,62.59336165287475
541,31.463832477221814
542,73.88273984906603
543,52.76673238280662
544,64.91927587750585
545,77.44649421576693
546,70.1204530600683
547,44.84366814848274
548,58.53427424545838
549,52.27469751609915
550,35.09502014792804
551,36.82150608703869
552,55.12822617828319
553,30.898494268345274
554,69.44909192003738
555,54.928187155885404
556,49.43026488576903
557,29.56810941902841
558,69.59138952731796
559,41.26503918804543
560,34.12966708719543
561,66.16673943751032
562,74.40209192091093
563,66.92963578111993
564,28.422499909365648
565,74.85195565097804
566,42.985632054995044
567,43.63998120869052
568,59.35499490597993
569,34.11394834014536
570,76.08461264078261
571,32.833674839521954
572,67.15474751622682
573,52.665350365315945
574,35.994494535483774
575,34.3212290074843
576,49.8243548238666
577,28.40618993053959
578,56.53008252020801
579,30.59380390771856
580,29.30357513161502
581,30.858148432206512
582,69.75115761948928
583,50.60988220783063
584,40.814950275512786
585,29.0525816058042
586,75.13220649559439
587,30.19692392672372
588,39.433310173822264
589,31.642217622944187
590,60.58500461066508
591,40.13136752583567
592,78.62301784632942
593,63.19122184755386
594,64.1800053754344
595,28.920443527994337
596,71.68262039801317
597,35.32194344446118
598,55.11871415903295
599,58.495909749514496
600,36.52338442239714
601,64.75715188121258
602,55.98718387295145
603,71.65832366511745
604,65.62177460507996
605,39.67594664277072
606,37.60922377319397
607,69.46259638229029
608,33.96474898468497
609,29.99435660236562
610,64.56082681883969
611,41.34494659128099
612,34.40683044561239
613,54.17180311421074
614,32.68461365002688
615,36.102187618375126
616,32.33459450911166
617,26.62498692974976
618,44.948004074965674
619,31.75427415413347
620,36.681382138305324
621,55.94012101196327
622,61.41131906489892
623,65.70557282612586
624,26.284481817163147
625,71.9470018972751
626,60.549580667748394
627,63.093478295095885
628,75.80027074399443
629,34.88889751194987
630,32.208867386222536
631,37.66006270241999
632,74.31061223443962
633,34.628126049095066
634,31.90206524664191
635,38.248224621549724
636,47.8647961856718
637,66.6075578662783
638,31.05419888650281
639,70.92382995106705
640,70.5088859807354
641,33.506214855736786
642,34.695897527487695
643,70.59523276022398
644,60.308189337981986
645,29.65317876757301
646,70.89929590421833
647,59.805696168242605
648,54.01377809372815
649,84.44734124294386
650,33.82988180217551
651,30.203713398817293
652,17.02341014435501
653,30.39309107890361
654,35.395416003695374
655,41.03240665731088
656,28.289523943024932
657,74.37644288087918
658,31.715777879843664
659,40.51238245971694
660,37.310015890479136
661,21.01152669147441
662,29.617067532729884
663,32.654819533816756
664,54.728342543200384
665,68.73137555515959
666,27.45302800942607
667,38.96725599775953
668,49.64433741949867
669,32.31974923053509
670,31.90756054017165
671,32.114664253232654
672,24.55708531626511
673,31.707373573871983
674,30.466398701838145
675,72.38884903057885
676,58.795450080664025
677,31.49624228433902
678,33.41899832709545
679,71.17719861625844
680,67.42936754478892
681,37.38391692498885
682,34.15695367578481
683,41.345340623332504
684,29.32521906274338
685,52.286850462261626
686,72.80776891880228
687,36.01707851013663
688,72.57729896019495
689,63.532815808807385
690,36.48990028496913
691,69.62700913448785
692,60.628621132983284
693,50.139605555833086
694,26.19779543035834
695,68.77236604758615
696,55.98112369328636
697,66.15284522322635
698,71.08546384959294
699,51.71249770445523
700,56.31228110855963
701,36.4877275412856
702,27.751429829194386
703,32.894863415366565
704,32.28105549344347
705,26.269402045117708
706,36.96678395217657
707,68.1508063484932
708,53.62440443861564
709,39.71219192037779
710,62.831121336795164
711,64.29089268184683
712,36.32627496408989
713,75.50472570855203
714,69.86231415776464
715,20.530678826239928
716,27.873687820640995
717,64.59992581454756
718,36.829270644874654
719,43.475834010443634
720,64.61836198055487
721,67.77909833758602
722,31.05158867322195
723,31.44573662120944
724,60.04410443446281
725,33.91928501438488
726,28.870308876236308
727,45.68890181916357
728,68.7943365463526
729,30.78082953905531
730,45.817920583091805
731,51.956789124097526
732,33.218083527169554
733,40.07179996678633
734,50.52609068341476
735,26.44361518561672
736,60.517425992042945
737,49.82441810790273
738,39.659398932929335
739,29.38821541490993
740,29.616832006892956
741,69.6639315368958
742,47.99134771063126
743,52.319734239985685
744,29.234665797352555
745,58.48216987357563
746,68.74397480141114
747,59.04602724534598
748,33.464550452025954
749,41.689867032347024
750,67.18978631334002
751,52.078718763193876
752,80.75477959300103
753,57.92245193708381
754,50.13623453805887
755,53.16931800099887
756,27.571595989607346
757,69.80562307275567
758,67.88524412746783
759,61.44343126587319
760,32.906316202765616
761,38.76986785586247
762,35.44792099160093
763,41.41066544811758
764,66.49524341769444
765,65.2580521932539
766,28.550427953684732
767,81.77179892821707
768,27.18934771899692
769,50.61595078389698
770,33.94230530607292
771,71.80312399934772
772,63.1019334381685
773,26.966421887888032
774,29.929135785461
775,43.05973268956852
776,36.12175171499617
777,32.19370514226895
778,35.10178861922733
779,32.13980886085966
780,51.23420557494764
781,53.59899823780239
782,76.48933176013345
783,69.32362256710671
784,37.84429827644214
785,27.977670671413676
786,59.722143079557
787,68.91551611558455
788,66.74036913158655
789,39.55162319569738
790,68.95302340932774
791,31.31572285194447
792,32.613153293055205
793,33.13176516353775
794,71.80787642638771
795,35.173753497397286
796,43.32283271990273
797,34.206534545408985
798,76.26974757091212
799,62.619724789651244
800,69.4505730806824
801,42.98828086321573
802,26.109582644649443
803,58.41032858977428
804,66.19528158152639
805,66.40851877143663
806,70.10980257264161
807,60.91849647134674
808,71.0924418698217
809,54.46973886589882
810,75.59264938825937
811,58.03535585026155
812,31.747349377208046
813,75.67549634515554
814,45.29230161548527
815,72.97259063975822
816,26.128504068064842
817,57.98552699531102
818,68.15994755168309
819,32.960449945837475
820,35.99956617658288
821,57.729269515929715
822,41.133768204057894
823,61.825957853096426
824,75.67861691304975
825,84.28856069733696
826,42.16756502695974
827,31.303550234080838
828,28.041518526142283
829,34.49911277735668
830,31.224932366965646
831,62.73396552580465
832,44.46087237332335
833,56.53343183606791
834,24.544077587858965
835,62.8678326932344
836,28.661951503638036
837,35.83582689287793
838,31.436399094976423
839,60.06618846975924
840,70.16496427824617
841,68.04810389666429
842,63.26048399592817
843,53.22810360740499
844,86.08663938881206
845,49.381888713026065
846,40.27662730067746
847,32.505745235271576
848,67.37288650247848
849,37.5873401448778
850,35.89065250856263
851,57.92148762362877
852,47.614914529656645
853,29.4954521097305
854,34.18477288846317
855,28.577912285093547
856,56.68654124263459
857,26.596739687129038
858,32.8903439897605
859,66.2358635031931
860,33.23173709276819
861,51.98887108453705
862,42.58328141313866
863,30.840016569309306
864,29.238752470270207
865,48.15666492888282
866,72.2884297421831
867,27.56212969289667
868,30.798762788493022
869,71.15148146020188
870,28.64563264292989
871,29.082550526453275
872,45.178837579197946
873,52.130534486214316
874,23.395284073236645
875,74.32774941739888
876,30.962617565293684
877,34.91005098273955
878,33.939270894206885
879,30.76936872263066
880,28.802159625607835
881,30.450968129025377
882,74.72047018985393
883,34.076292468022395
884,41.5866277685433
885,28.49623019184773
886,55.04593597091454
887,55.734710487305236
888,73.33279398305866
889,65.41648169096274
890,31.798796312284573
891,31.598119862094862
892,72.16735369406877
893,26.28366602620831
894,36.21901100826468
895,24.110253903933035
896,37.18549644092614
897,51.024959935350594
898,53.356756781208446
899,69.28425758097796
900,32.6830144837919
901,77.77916035346033
902,73.65868259469732
903,76.02429956670626
904,64.55272398223516
905,75.45947331829882
906,43.9915176998926
907,73.7261328723611
908,61.758157707015414
909,57.10117704039755
910,42.05582098383405
911,72.67354217713405
912,78.19462392841665
913,61.977728102875716
914,31.61267612554437
915,51.714389683763834
916,59.08781670824888
917,51.41483274927799
918,27.677746797088453
919,36.532623641659356
920,25.49509836795675
921,33.97050125831241
922,49.84200159932127
923,35.54584960936428
924,65.93090676470312
925,84.50623672454658
926,63.056231882775876
927,32.100334084871285
928,51.55611578985368
929,30.43295938594268
930,36.85432058811684
931,33.15101711603574
932,28.841232393903425
933,45.701574213848346
934,34.46719739274648
935,56.813516920374255
936,68.06115462332129
937,23.89328764041658
938,60.68663175340204
939,56.57153552434781
940,60.954216247170265
941,36.95137407367663
942,34.51902237574977
943,69.20135886570448
944,32.511474845504026
945,71.4251295114376
946,36.38774099715134
947,62.05035168870788
948,39.548897418050544
949,35.72740458759348
950,26.81310258435824
951,50.356064080070894
952,52.03084490117754
953,60.62947141680502
954,36.95475618887913
955,84.28129296884583
956,68.79342409231009
957,52.68117877153987
958,40.26234441828719
959,32.463833294826614
960,35.93077872126906
961,39.623609331950156
962,28.00808501302984
963,72.22008414092838
964,52.961594237031385
965,38.76177313692823
966,32.862938142206
967,66.46448016182755
968,31.427476142089525
969,26.647463283178965
970,63.63389494348105
971,32.085035207707676
972,29.96772845238781
973,54.119688509155786
974,38.77533761625191
975,31.845881023719656
976,70.69779487935762
977,67.61464519101203
978,62.64071254856384
979,31.773818517726525
980,57.95868436662157
981,28.477999366744932
982,66.06727731349872
983,32.13913298865895
984,52.895563441820954
985,50.83876809119904
986,30.4534487358967
987,69.78254485836018
988,28.328286655140218
989,70.10020888197874
990,31.24803480480859
991,57.407507792946234
992,35.884443591705704
993,29.976326011624224
994,68.16484341427878
995,19.896889914384275
996,49.97835040550453
997,30.33418411737074
998,75.33651645305618
999,32.40742324912417
1000,30.66667991119649
1001,69.17528960796055
1002,28.960833898783967
1003,58.364814177587704
1004,61.492500800354975
1005,27.128846490695693
1006,74.95314628127947
1007,35.20385736981706
1008,66.96020882339151
1009,29.870871859136535
1010,84.24703817917558
1011,32.91349386998563
1012,28.25075579270635
1013,78.14529079025216
1014,40.0422633475519
1015,72.26154586398656
1016,35.1247250416748
1017,43.51478472751214
1018,28.70425466592168
1019,66.87280238116955
1020,28.107542376271923
1021,38.753329443943635
1022,39.15217262671007
1023,62.549732967587545
1024,67.44162185342083
1025,29.151270501496114
1026,36.41551037857978
1027,33.59033319148893
1028,24.043113899532017
1029,31.842370471083697
1030,60.8452472897341
1031,29.715518565793204
1032,38.69205709329566
1033,33.85869565882662
1034,31.646063280447983
1035,71.6728148327354
1036,66.7659277117138
1037,65.9521387161544
1038,54.89573249610629
1039,66.77422633196753
1040,55.97306889494581
1041,27.46544381239024
1042,64.82142483249379
1043,71.18919637505024
1044,24.861583609352998
1045,64.34464890534527
1046,37.73985961973751
1047,35.618427030260605
1048,50.48115327698477
1049,28.626400369680894
1050,31.893638533300205
1051,64.56410735008473
1052,37.81327772262617
1053,56.30037606449545
1054,66.5599968862875
1055,39.29162726673524
1056,29.200275657697446
1057,29.9797735772542
1058,60.736322752201204
1059,30.248726939468575
1060,58.4287073906747
1061,61.04559790549865
1062,72.28691832517498
1063,57.34876251967553
1064,34.97195657128876
1065,64.77107360995137
1066,53.53191228288649
1067,41.48887397560561
1068,33.01932269910695
1069,37.87750680333458
1070,51.16003460680021
1071,26.488153157553704
1072,46.0410304047797
1073,33.23935994276475
1074,61.39365848367484
1075,34.40186543958267
1076,72.37314872277638
1077,38.92047940825247
1078,59.101365201865775
1079,52.5333550941413
1080,32.82571454458375
1081,30.531493406218225
1082,33.114023719079846
1083,69.04400580336763
1084,62.485980462303345
1085,29.463880356076793
1086,33.277470133909816
1087,63.68195944345997
1088,32.06438757247894
1089,42.302019800999396
1090,32.209985286476936
1091,73.77453062121367
1092,61.06151893839579
1093,24.943280371276686
1094,34.618879187611796
1095,68.74146750495986
1096,37.25023983594363
1097,69.20084148157191
1098,65.18661979681507
1099,73.90499999894465
1100,26.669104308251384
1101,26.191232418351603
1102,59.45511426716317
1103,28.79800914916772
1104,59.65171991330314
1105,35.756755506880864
1106,64.66631462978395
1107,63.520769777098344
1108,23.98843798463143
1109,60.72532319236818
1110,45.747744410195025
1111,39.532325826962115
1112,55.2490103487292
1113,32.609823256243914
1114,61.21545457830068
1115,57.16124032031806
1116,51.68881770821432
1117,38.12753256819634
1118,65.97765792822409
1119,31.1207815899839
1120,33.65456143864129
1121,34.10322768554018
1122,31.078994917326902
1123,33.64443944549161
1124,63.404510334432736
1125,29.05698935716361
1126,65.21261731840224
1127,60.77576961996749
1128,39.01043297560001
1129,36.97857633916235
1130,68.11557808988323
1131,77.33283724024894
1132,33.79299141747338
1133,35.552786580225664
1134,59.25306650280952
1135,44.81081024455281
1136,43.25586393011792
1137,45.14909052220934
1138,56.38267673068887
1139,34.26804439543561
1140,42.11391434444103
1141,57.40733278063974
1142,76.47318869908281
1143,28.948435306268067
1144,64.37970704177395
1145,74.252132247825
1146,30.716370685411327
1147,51.71471609283702
1148,32.10735575044629
1149,74.27719899379439
1150,27.886638064354045
1151,36.53757325315341
1152,29.8285063828446
1153,60.77157419019373
1154,35.19636583772331
1155,31.013534899095298
1156,33.020140299320765
1157,68.70898856593773
1158,74.44011810324315
1159,66.59023563444912
1160,30.543990641151986
1161,60.898872332645354
1162,65.24337330633534
1163,32.33051861550683
1164,68.02381572788154
1165,69.50262438496489
1166,73.78847323459689
1167,64.47682888244829
1168,38.30296106229376
1169,55.40473472256218
1170,26.629405235670887
1171,67.54300344723106
1172,28.903977292319695
1173,60.28116894455938
1174,63.15422191527321
1175,57.54762615000949
1176,66.6212363512779
1177,65.60062112252388
1178,37.25870220160607
1179,29.48578396756176
1180,34.43917381873845
1181,70.86829861831883
1182,40.19911255768799
1183,31.945318852066144
1184,37.813245426288866
1185,36.26163349989195
1186,65.18407582526463
1187,56.773260705846695
1188,25.03748618371288
1189,27.968303929870565
1190,28.533857363591387
1191,45.23836847082107
1192,42.33647328644586
1193,34.73557298930937
1194,50.108834338521994
1195,37.21950921697014
1196,30.645879952230615
1197,66.12526349632695
1198,33.089209236830825
1199,55.610980823597046
1200,63.10962641247536
1201,37.04227496568856
1202,74.96587259811193
1203,60.840636076822975
1204,62.11256605470753
1205,30.308937010104927
1206,33.108731503080385
1207,52.44972783404012
1208,39.663435167447126
1209,63.86056971298751
1210,64.80759856099883
1211,53.21784378947062
1212,75.95846897702813
1213,46.838166079920754
1214,71.56930385112008
1215,62.01670184180865
1216,24.95092753059817
1217,57.952011782099845
1218,32.73701318569323
1219,60.96000510429637
1220,50.292475768450835
1221,33.936700175056096
1222,33.55806559977316
1223,38.8773435991568
1224,34.47548180843673
1225,59.91571215697905
1226,75.7946236262306
1227,61.30536330067098
1228,51.96556620751158
1229,76.35241929764261
1230,47.73554707734722
1231,30.37626128589649
1232,51.65963594308391
1233,62.875137860778885
1234,73.00405899569758
1235,41.000152133182844
1236,73.22532696682835
1237,55.67061214195783
1238,47.9890054363077
1239,34.14879861479845
1240,33.01423184515165
1241,66.10342337998476
1242,32.35657387406676
1243,35.62430275514565
1244,48.33654899281618
1245,55.4205502573237
1246,74.24308147374636
1247,47.29113309020084
1248,78.14738670174101
1249,31.225692733802674
1250,45.32597599760122
1251,33.07127412265794
1252,29.335816475102966
1253,29.538693945017158
1254,76.97742792537566
1255,62.326273025669614
1256,53.28027799743029
1257,65.58107006879233
1258,70.39064083153126
1259,68.82240303875814
1260,68.70615796465718
1261,33.5871573741592
1262,31.018750142795895
1263,78.37380566349255
1264,29.91797996063641
1265,60.97411504735772
1266,32.958659691453036
1267,64.13953717541102
1268,25.96628623618227
1269,72.70934443298941
1270,52.16098695471703
1271,36.045327719574836
1272,38.30066576284846
1273,38.76366236043363
1274,71.95483881882495
1275,62.415173548505315
1276,62.98195023642664
1277,29.640499636043394
1278,56.817333728466735
1279,27.753284517972936
1280,74.82698172691822
1281,57.88509996288991
1282,58.32873082619804
1283,35.58229727842486
1284,67.39069021014728
1285,68.33212870962379
1286,49.9867232442536
1287,40.855978312215896
1288,44.322661105600886
1289,62.06128787166693
1290,30.695166594938655
1291,72.75945408248481
1292,53.85436841097307
1293,33.74062376624056
1294,47.91409494809852
1295,63.77513805838208
1296,31.738230464033407
1297,31.93420681029081
1298,38.54820883000779
1299,52.21188753754082
1300,56.007195335402244
1301,69.79084024642056
1302,64.08308733164773
1303,62.12424122666255
1304,66.35070983016482
1305,51.695384844911686
1306,59.689909574653115
1307,27.973201724140388
1308,53.631533818090816
1309,34.445093537537176
1310,54.21659090474276
1311,62.641107297519966
1312,68.5389352366333
1313,33.686080357000634
1314,29.401119401024076
1315,30.47975737147984
1316,28.979773328016066
1317,59.456817985424344
1318,30.785661719411408
1319,37.058318421882646
1320,42.49445674407828
1321,33.89980931592076
1322,74.20021636362817
1323,74.60879593596171
1324,31.686956297297876
1325,61.66534698926128
1326,43.25522839511396
1327,28.805809970337236
1328,76.75321651245787
1329,38.680600660489155
1330,70.09257117814239
1331,55.766842757336505
1332,22.34870759274854
1333,46.31605759697902
1334,74.07487897535655
1335,72.14987564856742
1336,67.85642120925863
1337,28.901612452656693
1338,53.14951988442481
1339,58.83520560426291
1340,29.251738207720905
1341,33.263280559726454
1342,30.64642396542775
1343,27.433748796788755
1344,27.038803388208393
1345,32.84524935936694
1346,57.843905632521405
1347,29.41327451749521
1348,64.19086274449857
1349,66.61076448073703
1350,35.356814827806105
1351,59.71958191707815
1352,29.935754231865545
1353,72.10698932542702
1354,72.63619926026439
1355,48.68319447577538
1356,63.087161448088864
1357,31.847249922589015
1358,29.849499653355913
1359,37.90090333552696
1360,52.36545318465218
1361,66.51772561214084
1362,36.302652027786046
1363,31.806326308964806
1364,29.021551021837276
1365,35.08767238623752
1366,46.38841071023549
1367,35.19963949294476
1368,59.8764786360392
1369,50.32906993920186
1370,37.14620577883519
1371,30.493564526183953
1372,33.732790069625274
1373,75.71154375344395
1374,30.36081144600579
1375,27.5117818047733
1376,77.11997968978643
1377,32.99337523921091
1378,63.32858772555747
1379,27.827364996434092
1380,33.92810741734491
1381,34.72581001062468
1382,32.90932400924947
1383,31.36830688386636
1384,65.58784114345784
1385,73.92843754482259
1386,68.93233678862012
1387,37.190046104343004
1388,29.445659553104846
1389,37.495983625177956
1390,74.64614586620205
1391,35.57159579864374
1392,70.3773077862349
1393,56.45431541726508
1394,37.95675819743804
1395,61.50101980513135
1396,35.2925332251547
1397,30.051836096285037
1398,56.8498347227213
1399,46.35543839663515
1400,26.165237293081844
1401,49.75210940009774
1402,30.371706292785937
1403,27.349865397610223
1404,48.107651042756615
1405,74.77761901188754
1406,34.065522977761496
1407,35.24063271829614
1408,41.64593031871757
1409,55.91441480385542
1410,31.043219702412536
1411,34.48914393433799
1412,69.444766223056
1413,46.457438629167676
1414,60.184180049136
1415,76.00571122451014
1416,68.57123498166139
1417,29.65189872955576
1418,62.52483701728697
1419,73.72793013689817
1420,63.86833132363721
1421,73.40714946732554
1422,72.63521402532453
1423,40.84844073570453
1424,47.759502119517805
1425,32.130021624129185
1426,34.659642395423056
1427,62.46956693917337
1428,62.92835533635255
1429,36.528696245523086
1430,75.60593604365309
1431,28.173951232730893
1432,25.508585249299898
1433,68.30618039021412
1434,60.07502536846929
1435,59.35662163349579
1436,33.395499668716646
1437,28.4740133285341
1438,77.06553075486204
1439,70.97505222251412
1440,70.50408989663164
1441,31.0653401840383
1442,43.42849362461291
1443,26.689895061199962
1444,37.377268598199024
1445,33.25676372428371
1446,31.07395764094801
1447,77.90894307742894
1448,64.91448205358034
1449,49.01222942417538
1450,56.96755668775584
1451,36.98889622817966
1452,33.12807988052994
1453,73.43698385625842
1454,43.00389162907144
1455,66.53339759556378
1456,66.41491485739961
1457,76.21533332437602
1458,40.980032011365765
1459,64.81586754542977
1460,34.83334276022081
1461,61.84292433617918
1462,65.84323544921295
1463,30.216883267484775
1464,48.88259798805903
1465,55.980007702410774
1466,38.79168214801546
1467,33.06564598926091
1468,41.12768737023002
1469,34.79195172057808
1470,40.69290011272863
1471,37.42693995452539
1472,29.215867300349764
1473,68.55566631500173
1474,36.177002378348945
1475,51.19290271731556
1476,57.22442131396051
1477,40.96919385147226
1478,68.00336083282313
1479,48.97905266459559
1480,37.61472769996288
1481,44.31956339064839
1482,27.418778939597907
1483,48.21525247837646
1484,31.794579741699174
1485,51.97473539752243
1486,63.51433297892272
1487,30.693884517022354
1488,29.81507222455147
1489,31.914555876407867
1490,28.31529871491324
1491,29.971544443862456
1492,46.58270807989896
1493,72.48241273317822
1494,57.1357570819714
1495,59.686662463515454
1496,65.93078432119
1497,27.52284466733935
1498,60.48739030461479
1499,61.38168163022468
1500,72.20371762611487
1501,53.95653181186202
1502,63.19478118254388
1503,38.965839697859074
1504,66.9797792026926
1505,29.28252044871458
1506,73.02104278152859
1507,33.40956977964384
1508,37.98124034547308
1509,39.41514230188143
1510,48.91422588189582
1511,71.06623999188096
1512,65.84513452769245
1513,33.155534244155355
1514,33.7966402390116
1515,66.26066944582642
1516,72.89547898382015
1517,33.285701673340746
1518,74.78380766581529
1519,34.36130016242472
1520,39.05285453917039
1521,49.32139373491153
1522,61.87684825363125
1523,35.25565919471608
1524,32.12990759434732
1525,29.25201557799923
1526,43.007663993297946
1527,28.483306692619053
1528,28.27612899551002
1529,27.630621849252783
1530,72.47680539844683
1531,63.70668746958467
1532,63.85430597891024
1533,39.242898771709214
1534,65.71749785813675
1535,49.701336001846215
1536,54.861066467813295
1537,38.48002071107371
1538,29.42595850283199
1539,52.473256449883486
1540,71.35967472382431
1541,50.533887326878556
1542,77.51527576410447
1543,71.42033916240378
1544,55.32001131820023
1545,48.8288380630945
1546,43.19126187085478
1547,71.71057056691494
1548,67.00750115700295
1549,38.70257544116256
1550,28.902800818794162
1551,25.77142114559583
1552,57.32278561529021
1553,62.110189898987585
1554,64.99501312891206
1555,32.61380816576589
1556,34.00610022255498
1557,28.33433320568531
1558,70.36307194116054
1559,60.73088566617959
1560,65.10742679941657
1561,43.41598871442616
1562,71.21823374863915
1563,38.182215583274896
1564,64.4751565773908
1565,27.797705624476308
1566,30.50824088752256
1567,64.32869203020371
1568,38.51936740799801
1569,31.372083707236968
1570,29.9282398250624
1571,34.08014857698535
1572,50.854249140604
1573,34.75783492671926
1574,70.82966833896259
1575,69.72862391936825
1576,65.67630223540384
1577,30.357774614650765
1578,67.26262752358535
1579,53.44161817114366
1580,71.7831815350324
1581,33.42980089283336
1582,58.58760392850839
1583,55.344756246920255
1584,41.330813760588626
1585,77.7952258042804
1586,32.611743088574016
1587,30.752274582866576
1588,32.28768822071908
1589,40.23957067045268
1590,67.43586230479161
1591,41.21124264070834
1592,26.185340059138596
1593,71.62680159370395
1594,68.17906611818442
1595,50.20849564239396
1596,35.903040307243685
1597,59.11832036493465
1598,57.22491751834317
1599,29.1939051716085
1600,29.70070045919119
1601,73.7128403529303
1602,25.44097902765774
1603,60.12473318550896
1604,44.00974974885728
1605,34.77467916549017
1606,58.808301808972416
1607,71.34969500249521
1608,56.3106715171628
1609,38.68286370443028
1610,62.58259754161104
1611,36.64175134339441
1612,37.558720107591846
1613,29.333300997407626
1614,40.37917133527253
1615,75.02855957661039
1616,35.05656256358559
1617,61.92009992023684
1618,60.75570788507825
1619,35.06139703011291
1620,28.621017342940085
1621,55.20204316285765
1622,63.719267542756704
1623,62.218786360094505
1624,69.08730728128505
1625,73.9238500622939
1626,37.45870696351511
1627,47.074380534547174
1628,29.436888952506948
1629,24.992774436459015
1630,39.45447008300696
1631,65.67431240544907
1632,73.3010699935921
1633,34.61856046000723
1634,50.57463651086374
1635,37.789670649863695
1636,35.20562563044781
1637,49.12245116795647
1638,39.448973187278725
1639,33.33128375476153
1640,53.68058657173658
1641,40.20137901130042
1642,47.67533025032665
1643,60.66400226445288
1644,40.501883895577464
1645,60.582456198519466
1646,64.33689834997702
1647,77.18557910691156
1648,24.277678156887873
1649,65.89435677625079
1650,30.7935767645764
1651,37.73929105262651
1652,49.66340449550112
1653,72.06844956176649
1654,33.52492402748224
1655,60.34610971548743
1656,46.86573692681633
1657,64.4764077722275
1658,72.35591665535561
1659,58.1727820598999
1660,57.54657488569759
1661,32.59342138968119
1662,68.60800310810288
1663,31.948975542047883
1664,78.00854685751474
1665,30.741889219943374
1666,56.518732363077135
1667,54.15452089766267
1668,65.58179217251777
1669,33.7411725619381
1670,38.48860379271887
1671,53.983382884688595
1672,72.25502406853039
1673,37.97061074683626
1674,52.330605351849265
1675,73.34431739795382
1676,72.33598681565326
1677,63.38042498216128
1678,57.62340224742796
1679,31.693727574819405
1680,33.511402081488015
1681,67.70800786017239
1682,61.13193334779412
1683,68.78885229858814
1684,65.34488092245321
1685,33.44750491698538
1686,57.93049920908079
1687,28.971561903745396
1688,73.65628925731222
1689,58.92681823747567
1690,53.980066985296745
1691,68.87664276461925
1692,48.75878486307666
1693,42.41169557730515
1694,69.38696759407037
1695,34.8139549676098
1696,50.589300447367094
1697,31.96263922889984
1698,74.77425550450768
1699,62.89452709312724
1700,31.27485397513569
1701,61.85686037576991
1702,24.702926832263728
1703,30.862512528042934
1704,29.453447437826334
1705,36.72879752966089
1706,72.33855350720317
1707,69.1071748014027
1708,27.813853482204102
1709,69.43560877961659
1710,64.16316142678971
1711,72.64289454699338
1712,39.356451767405574
1713,30.938802602397445
1714,59.88155847454564
1715,38.853091161581865
1716,56.3582130557903
1717,33.47713460045256
1718,62.14023626307839
1719,32.62680985053133
1720,52.74575009964202
1721,25.20554806375526
1722,30.946797040348827
1723,38.32690761397189
1724,36.773365264958976
1725,78.3191720408318
1726,72.49233804003467
1727,37.68312964741611
1728,61.30237236787323
1729,74.93572535545128
1730,53.19290726973204
1731,29.22393973490871
1732,36.97227540676323
1733,69.09419514211689
1734,38.01115507359282
1735,33.28182808653277
1736,31.231188404995365
1737,58.94288187041278
1738,28.42259069254228
1739,53.45326821326586
1740,38.00892365010226
1741,39.01677478355917
1742,31.91639675489472
1743,31.912514971429047
1744,83.83189994541965
1745,63.897370972443454
1746,51.35883324434794
1747,67.72235844514125
1748,78.71949447610893
1749,27.413471691197266
1750,54.76552453487366
1751,35.61196308884443
1752,35.527357081729996
1753,62.17350421145025
1754,71.50836679829821
1755,69.61556986763328
1756,49.22939891206472
1757,27.299876193786183
1758,30.47907432413418
1759,75.17873882526818
1760,34.06622991398351
1761,28.404285129625137
1762,57.942154766366585
1763,63.17030463657243
1764,50.518277362566465
1765,32.20339386256915
1766,65.91037109951912
1767,31.145740723672873
1768,70.69730192705548
1769,67.8169106641454
1770,66.95556742044745
1771,35.25533772899916
1772,74.8605189700177
1773,32.73230474096208
1774,25.60805073741914
1775,34.02920570210859
1776,29.215498165077264
1777,29.333310033181867
1778,32.49887815082109
1779,51.94488677068456
1780,36.51795566790054
1781,33.854583018408235
1782,67.51873293389485
1783,29.437049518703212
1784,67.89215617382837
1785,59.95516710696941
1786,34.27035280019932
1787,56.467625182879566
1788,68.97881857002564
1789,32.91968977190223
1790,39.80643029442595
1791,51.74330736055164
1792,37.82360669139487
1793,32.81803643715811
1794,60.906111059504894
1795,60.407454374706965
1796,69.05415909532327
1797,32.99907074402154
1798,66.35086283625505
1799,30.721401054321284
1800,27.570108954787827
1801,47.80202811793227
1802,57.74915142733804
1803,36.8952276550842
1804,31.181800257833636
1805,65.13543247407755
1806,29.0568510332797
1807,29.804570676563436
1808,50.597338225302806
1809,78.67225959242086
1810,57.28845475178554
1811,26.83467628792934
1812,59.23518871247876
1813,58.81022361302685
1814,40.13803547756528
1815,26.416907977335143
1816,61.32379128825848
1817,40.616441700792116
1818,31.721486637103396
1819,31.034194457927477
1820,67.38908049710135
1821,63.57427112326778
1822,69.16072066478375
1823,39.22202732691294
1824,29.38450166033411
1825,25.976156029991152
1826,31.340774308456936
1827,27.165092737946843
1828,35.86969810343268
1829,64.23900663056324
1830,29.591731300401094
1831,32.35986182615847
1832,42.123329129756264
1833,37.434747934330346
1834,70.17130227638263
1835,34.56881454436825
1836,36.880362917242095
1837,74.51374311852932
1838,61.93158499922238
1839,52.516308181969535
1840,29.32067530150237
1841,29.753130929333537
1842,39.017356635603825
1843,35.43558118782759
1844,52.12441695006183
1845,61.553228344803
1846,30.759087682568932
1847,62.496877948268704
1848,64.1738679793938
1849,60.53265374581447
1850,34.55756442782584
1851,72.14731916129642
1852,78.76585837682391
1853,32.38939969264425
1854,60.17278225192298
1855,36.21613022967758
1856,74.29381892216408
1857,34.24665284989541
1858,50.86638455081136
1859,61.32326022513277
1860,30.755348653923896
1861,67.78251890883092
1862,58.399340053360916
1863,45.73461857044565
1864,59.26232247926427
1865,64.4322267131474
1866,70.25191734403619
1867,65.44389495308967
1868,64.12251379560297
1869,31.34990366065223
1870,70.79735359981632
1871,28.299834855529674
1872,49.36422263354565
1873,75.51877154966299
1874,32.948279705123674
1875,33.50845608763948
1876,52.09194688282028
1877,36.81902302861258
1878,37.55536298324283
1879,55.9390482179093
1880,73.5010802177514
1881,49.91167688626079
1882,28.47169727193335
1883,31.712002452184798
1884,58.932523343331205
1885,58.662737233519614
1886,45.234303488564834
1887,29.54518578839921
1888,32.74321471857247
1889,36.126910008919836
1890,64.71824408004363
1891,66.25395361038491
1892,71.80664147701684
1893,31.403812721325558
1894,62.272124172954264
1895,29.37541802011301
1896,70.82459768646486
1897,34.86909669740808
1898,29.317123067233794
1899,31.57500003938312
1900,35.08873047402961
1901,34.74654227274791
1902,43.99327865162023
1903,73.6503596438079
1904,25.819558165215433
1905,36.22885433205295
1906,35.5765482370331
1907,44.270265008646604
1908,41.06035353549648
1909,31.911252470529156
1910,64.52196379013256
1911,58.69477617244182
1912,54.72997282081964
1913,63.746610588411556
1914,29.951681884330156
1915,74.26525489866158
1916,63.25455041291259
1917,44.706423607992306
1918,34.80171852411349
1919,30.44049165213469
1920,62.19528113887425
1921,78.56374778359336
1922,64.1711797561755
1923,28.63296646465411
1924,56.13841455218507
1925,56.879964175895964
1926,69.61987815091618
1927,28.39263158290369
1928,55.47093819261532
1929,36.16601278468267
1930,38.61079560189903
1931,43.12322551310121
1932,36.99187578269883
1933,29.036105391073143
1934,28.885937985286915
1935,31.89409768393361
1936,74.24147181981647
1937,29.72771044610205
1938,57.54445887074161
1939,59.29593461437178
1940,77.80328662582218
1941,75.5853593257475
1942,34.267533241786076
1943,27.456461831516037
1944,33.53705883369682
1945,28.903310759002103
1946,31.36173089051372
1947,41.44624459306003
1948,55.73650261389698
1949,69.95705998607399
1950,29.51756537315942
1951,41.0390891647865
1952,21.897252054799964
1953,42.44201466008295
1954,69.92781832308404
1955,33.100449647967004
1956,50.5209795885461
1957,87.88135323622315
1958,27.21449099030834
1959,34.22350974033683
1960,32.29640757802197
1961,31.64477739964579
1962,64.16073989812801
1963,69.5207525517699
1964,25.908211253132237
1965,67.19333784520288
1966,28.990723396415298
1967,34.689602155372796
1968,33.26724830486193
1969,26.855962131490678
1970,34.57705753714992
1971,42.2692478155905
1972,63.77482305207716
1973,33.574551555758305
1974,57.029076045865295
1975,63.93394275808435
1976,31.606076843396266
1977,28.38012650755791
1978,57.22835404617174
1979,66.90181520024268
1980,58.576321419441356
1981,18.172510295992076
1982,64.72797499251325
1983,26.120193663792612
1984,36.39701637075574
1985,31.31469579784335
1986,52.415495947718696
1987,29.214440185326808
1988,33.37032743708247
1989,52.80457401844504
1990,52.698871159015354
1991,51.05256272010905
1992,34.75343978874416
1993,44.98480115560703
1994,54.98075462020846
1995,54.64992283349659
1996,77.0129881597984
1997,66.07374656120902
1998,29.5895192090099
1999,54.72079938364386
2000,60.01600622977592
2001,36.62441337757771
2002,64.12651106752519
2003,65.45111997739565
2004,36.16115510662613
2005,57.27700213572267
2006,77.13448675269167
2007,40.411035687278215
2008,35.81706341298428
2009,57.74332295137749
2010,29.913652574793012
2011,35.34041773634393
2012,36.85079317272046
2013,70.41227228847409
2014,51.66425348047846
2015,61.38234739203497
2016,72.57549942753943
2017,31.843436227561455
2018,68.47746502859341
2019,28.211733266176935
2020,32.39858038492581
2021,72.87903256383105
2022,66.41650638573367
2023,34.27889376317415
2024,68.22683676400219
2025,69.71638419368102
2026,31.68751776079197
2027,28.610072978817193
2028,30.088175254197992
2029,26.270064265415563
2030,49.959274700374294
2031,40.724313570878685
2032,66.73075246267744
2033,53.66525295767581
2034,57.718897267214174
2035,52.28735509355951
2036,33.077584234626855
2037,60.1257742869748
2038,36.68527985945308
2039,68.15073639697292
2040,63.88217330699421
2041,38.18893925288512
2042,68.44859822540981
2043,74.903384192467
2044,28.009314229350892
2045,33.374294530298506
2046,78.47489045319816
2047,32.804289213496915
2048,38.52307277214584
2049,73.6062154622345
2050,35.768130316728765
2051,40.70618421067117
2052,35.28524038871455
2053,35.82499921901992
2054,73.95706187996966
2055,55.17635370632591
2056,69.36985926678318
2057,40.404257075201805
2058,29.86139032163358
2059,56.4556265161102
2060,59.87928747833426
2061,41.975724689371035
2062,74.03958268736596
2063,69.38231769924539
2064,63.49237472777678
2065,73.54350460439358
2066,61.52069013911827
2067,60.15162904010988
2068,29.59410002720452
2069,36.16782707758619
2070,77.594775465905
2071,53.84398179051466
2072,65.4866115448638
2073,33.287880411034315
2074,67.9010049815243
2075,51.63734049725243
2076,35.18323974888963
2077,33.66481459188858
2078,72.3230140381247
2079,36.39779737722118
2080,72.88461400913002
2081,50.19862188056767
2082,29.90039539803258
2083,36.62819956651157
2084,61.75824188316766
2085,42.01646949233325
2086,72.72893338353462
2087,27.92294857712342
2088,56.16791780248529
2089,64.93280755295866
2090,60.53867571680129
2091,34.10520836835649
2092,55.23225021587737
2093,27.963341503809765
2094,28.080822600921614
2095,25.71976901293872
2096,78.09816327637442
2097,32.98006503146948
2098,30.399696879655004
2099,33.24314822449995
2100,30.278659674076437
2101,56.24912995402484
2102,33.480554739456785
2103,38.458241416913395
2104,71.36061563718602
2105,37.82688956678639
2106,65.49449626165708
2107,34.36908170797728
2108,46.474596530626485
2109,65.9839671878016
2110,37.445225786160236
2111,29.44518114219032
2112,32.92821138826869
2113,71.03122092267516
2114,60.807461363269475
2115,27.618673039098454
2116,55.916097838695904
2117,58.99465187563395
2118,71.62112902497606
2119,35.69014689676686
2120,42.194232330774916
2121,33.359306728085386
2122,29.128677973038073
2123,35.891571974048944
2124,58.52857416753349
2125,35.533502357271104
2126,30.87483656482634
2127,62.81215296572033
2128,36.30446036433095
2129,69.42845598973946
2130,45.565656960313866
2131,49.55073801770927
2132,32.645569882114486
2133,68.83664674200773
2134,27.252881024399336
2135,30.856445379967703
2136,51.58479067354224
2137,59.09737708219739
2138,69.98083576182827
2139,77.23528438209762
2140,31.766067670374085
2141,33.918652549887305
2142,29.336684608546037
2143,44.552419405745766
2144,62.12975005028455
2145,35.96573446374747
2146,73.23395012711464
2147,33.69899050602778
2148,60.930270678640106
2149,64.86253847423248
2150,47.98954250478336
2151,60.241426902301974
2152,44.740501000368255
2153,76.58557470203122
2154,80.38801782960985
2155,54.22082758009582
2156,57.2107803327342
2157,58.27507721963489
2158,73.7048933741678
2159,74.86072057612684
2160,34.025749249550756
2161,33.681352421829175
2162,35.65779593384286
2163,73.14023925269056
2164,47.373694728781125
2165,46.98974184462272
2166,33.7025481720678
2167,35.74909533821486
2168,38.0562134454717
2169,33.6438662842449
2170,28.360901851936042
2171,68.4231715755034
2172,54.190500617210546
2173,32.583275865628686
2174,53.09618715327495
2175,58.91670932062928
2176,73.00081509269532
2177,57.359196369548144
2178,58.29833261373187
2179,28.27031689846654
2180,26.711587608876485
2181,55.12489934757086
2182,39.80667565207991
2183,37.12499314398042
2184,67.80377152491809
2185,37.497246825806386
2186,34.14741432327109
2187,60.42590111900563
2188,44.6449177296258
2189,26.311787480192898
2190,68.7861716827684
2191,70.83015419658163
2192,31.59858949873479
2193,65.68462180087225
2194,54.198788288942495
2195,53.51892455516885
2196,63.175000433631176
2197,38.82015258066618
2198,28.952840604108047
2199,66.10770096793628
2200,28.42932779640484
2201,30.67970245902469
2202,71.27398266452936
2203,68.7288000063791
2204,23.096543404121917
2205,38.775303351807636
2206,30.67336097730415
2207,27.47981638070489
2208,76.67057928640347
2209,34.7155876924854
2210,65.95359034792372
2211,67.75104627447526
2212,34.63997821702226
2213,33.80089178211911
2214,39.63349943357545
2215,41.1008347050842
2216,31.743701273867075
2217,62.7137261265334
2218,67.87567827968171
2219,27.792099471149733
2220,75.53589432511028
2221,36.211927148901374
2222,28.921839171131396
2223,26.686182258636983
2224,74.13783796918469
2225,37.114342000564136
2226,28.510879088430045
2227,43.90885769316391
2228,31.954463439364737
2229,20.11646196895081
2230,74.5717403628321
2231,67.54523799592535
2232,66.39434932034933
2233,29.004558288982082
2234,53.54112518091231
2235,52.85176480032368
2236,62.32210201646234
2237,54.18701543850197
2238,42.16271963543396
2239,38.4981420184314
2240,53.660186336304136
2241,62.32192671848004
2242,31.507123557014907
2243,58.80168574606766
2244,73.06583804333792
2245,62.85601807290422
2246,43.38681097158827
2247,52.804835137597486
2248,26.860113683726247
2249,70.17743838276152
2250,27.88617609935109
2251,29.090348344378988
2252,32.263659928839225
2253,30.750767321880417
2254,69.10533749340908
2255,65.2176092780679
2256,34.181867944963535
2257,31.369652500979605
2258,36.73524523449435
2259,46.18716824575611
2260,52.283250884201514
2261,46.57643357942133
2262,63.29191074386702
2263,51.95247578697322
2264,31.150278954720072
2265,63.70198305326572
2266,58.36074318480338
2267,28.2199134561191
2268,27.650001720939287
2269,36.47108989795833
2270,33.38550382821631
2271,64.86588800006486
2272,40.44094006552289
2273,28.740638062425695
2274,31.240971103218
2275,48.86569000070793
2276,40.445014289986084
2277,34.30556196165327
2278,41.549453473052864
2279,60.26330658429954
2280,62.973612109441575
2281,40.68125442073406
2282,47.231236617519045
2283,34.23587728029709
2284,29.387035408067263
2285,36.42812268997502
2286,51.1745293669246
2287,29.755170238988512
2288,71.66692801638811
2289,67.51020372423322
2290,21.090227660104922
2291,69.99853625447705
2292,36.87946607149307
2293,44.181907197981374
2294,64.1993661248455
2295,38.68777877842451
2296,31.415722245303755
2297,27.759053814887146
2298,36.28788263620209
2299,34.39810017132923
2300,68.35818494142448
2301,71.18109016992139
2302,75.03309422175039
2303,50.52473520331841
2304,32.70802026496501
2305,55.77070042178916
2306,35.96140215563158
2307,24.151315623340906
2308,29.71194329617191
2309,12.002457934438993
2310,28.788957123411194
2311,61.75616982719032
2312,46.88849636743339
2313,32.74520735018614
2314,53.51690458993894
2315,70.49184170011695
2316,52.08535388986574
2317,32.13352948789245
2318,68.54271473128105
2319,66.17750057594834
2320,48.36879573758839
2321,33.98070015525585
2322,39.62106828245411
2323,67.90272503637811
2324,48.259923123011355
2325,39.17226791479934
2326,29.63526749668459
2327,29.183657009526343
2328,74.17911354268598
2329,69.74153619964035
2330,61.93833008259881
2331,39.093924420473336
2332,37.32424674348834
2333,77.26098706490208
2334,39.89334984021578
2335,27.25578857602043
2336,40.50115523454262
2337,30.847394615015325
2338,26.177648089758094
2339,70.39747295206456
2340,33.61717512825181
2341,42.62382454431582
2342,71.1444563573638
2343,44.81550516267546
2344,59.12576935829193
2345,43.20394607915392
2346,45.97676986441432
2347,27.97798280294755
2348,28.52077635093928
2349,65.74286345381337
2350,34.804926361219216
2351,72.71649086708227
2352,34.6694543186933
2353,28.049156023290145
2354,32.48063689813171
2355,70.71695097664907
2356,58.30960898372742
2357,33.27866888233114
2358,64.50953369299799
2359,28.381307713099986
2360,28.046241762970887
2361,30.40941043089841
2362,69.34385514532502
2363,27.94399573621765
2364,32.441731639525
2365,23.0886452664108
2366,71.58732220251888
2367,45.746112142676616
2368,77.843613456113
2369,34.183750731722036
2370,69.11237543457507
2371,40.964872395247774
2372,31.11093603740585
2373,72.6480129651397
2374,73.73999560441484
2375,40.82162987843609
2376,26.448382689716
2377,32.52253009229758
2378,47.34965265036456
2379,76.09333447762462
2380,75.1402003332268
2381,28.650361420808913
2382,33.45625698293095
2383,47.37226034145247
2384,40.49586061114184
2385,72.04358004946539
2386,75.61373876552962
2387,33.6216611794167
2388,39.53701308938648
2389,36.99585786249953
2390,36.30146251230606
2391,63.44740411752653
2392,71.50255694291727
2393,56.01369428603142
2394,63.08540336590887
2395,60.00408806978416
2396,54.61950422159377
2397,30.931211116144567
2398,32.19985814611161
2399,53.45683556605135
2400,27.420281103104884
2401,32.780635321160354
2402,63.442473293169044
2403,64.12344489084032
2404,61.14000606146484
2405,59.19675639493016
2406,31.980572127472556
2407,68.66781915475904
2408,62.771608985174126
2409,36.253732147702266
2410,69.12182643749935
2411,68.71523607521141
2412,28.628292017577017
2413,29.162036295685517
2414,53.395424663657764
2415,32.44493512903613
2416,50.900488616804324
2417,27.340738319860556
2418,69.0359810715336
2419,58.12225769369938
2420,55.720403219342444
2421,74.13117103719229
2422,35.99144068550272
2423,64.23896148279724
2424,64.66482217959657
2425,63.88683215080113
2426,52.52646671172671
2427,48.894740252264015
2428,51.99051779052978
2429,47.80278762420711
2430,38.611212166332805
2431,92.97576324930475
2432,80.92012108563033
2433,32.25945797343753
2434,31.95840548164653
2435,43.91055246886896
2436,60.56928417430321
2437,24.29389416977849
2438,69.65420883228208
2439,63.7801151794406
2440,25.23630193873494
2441,55.36511582623142
2442,36.94100376771922
2443,40.574822624532686
2444,39.476121714992495
2445,31.93965081063366
2446,70.64925599734707
2447,70.65514634732541
2448,53.42793286527875
2449,68.84303635414938
2450,29.888422077382714
2451,29.56929060817241
2452,72.66706598472808
2453,24.715497788994398
2454,52.994131735528626
2455,28.65214131745899
2456,54.052180233816344
2457,37.571951424225276
2458,62.16282179640632
2459,54.066730153760375
2460,41.21727358466519
2461,73.5920904310593
2462,43.296486501473396
2463,55.56977350757205
2464,36.954101186483854
2465,34.00811549748386
2466,70.46193827503868
2467,30.809844394809787
2468,58.8575347994559
2469,74.90484708148408
2470,76.73622889431526
2471,64.63950496926778
2472,27.232904898563312
2473,29.553179750748356
2474,28.820014391243255
2475,65.51299041862791
2476,29.985605383308126
2477,67.04053251523827
2478,72.62129458785235
2479,30.975420712129967
2480,22.878595278896313
2481,74.54872324816695
2482,29.429349739144868
2483,29.938354502837647
2484,34.08784638594481
2485,30.059398045585674
2486,73.90718806845757
2487,48.90629449962153
2488,74.70449858958553
2489,29.142551999121935
2490,30.41577664739814
2491,44.02067510018135
2492,41.99689587352125
2493,65.65502952921369
2494,59.58621466376859
2495,60.78730656190906
2496,47.29370936371833
2497,76.18504289179698
2498,53.57086775725875
2499,29.830912491218122
2500,52.87617695799359
2501,37.16550802152679
2502,32.10179815652683
2503,41.610281587337504
2504,68.38941689382679
2505,73.02424064126348
2506,68.9875545672725
2507,31.079247077304785
2508,50.610825946581926
2509,60.907641868889684
2510,64.98297341214241
2511,23.78524203846657
2512,53.11357456909093
2513,31.731810508987785
2514,33.8622833866331
2515,28.728993846314637
2516,71.42589706847842
2517,57.133498232370144
2518,70.44727226857462
2519,53.88495170359505
2520,39.31640286280864
2521,29.937251836621435
2522,34.18082804147597
2523,29.375482354689822
2524,69.99058804869196
2525,33.19876315148741
2526,28.896721362298557
2527,28.99129022300783
2528,66.31636602835266
2529,38.9404286279657
2530,58.160509674612
2531,62.08785094985997
2532,37.319270604171464
2533,71.7040849197028
2534,30.866142548936644
2535,34.94344016190367
2536,30.11107446877346
2537,29.577094449897558
2538,31.61126791509561
2539,29.323892138190793
2540,28.65227780504393
2541,38.596499146957
2542,27.37129323409762
2543,24.697697048545173
2544,29.21975954982836
2545,66.99080284320104
2546,31.501911023845338
2547,72.65121867271434
2548,58.89627915339712
2549,29.251383214317563
2550,53.76631213179221
2551,37.74647739488839
2552,38.974899057941734
2553,21.197091589888146
2554,35.36163298007219
2555,85.02496801009649
2556,55.497394047937604
2557,74.04730716328851
2558,69.16647863014951
2559,59.697218300542346
2560,64.07800092612761
2561,36.514010458524275
2562,42.97706063146196
2563,71.98573432379838
2564,26.835016520118387
2565,47.91522439159314
2566,39.70302240169807
2567,30.150990086283628
2568,31.504345393047224
2569,33.08405438634935
2570,29.06223047663864
2571,50.41270072940108
2572,75.9038301665297
2573,59.90534863919743
2574,65.1190614966686
2575,61.882126823978545
2576,32.2218118427366
2577,71.09549337051395
2578,62.52970509218033
2579,27.937439611102896
2580,34.55261901863011
2581,32.85583546777123
2582,26.608885747972202
2583,62.626508149580495
2584,75.89129865902613
2585,46.474044430124586
2586,63.689171785210945
2587,74.52471120677096
2588,63.354601208452635
2589,57.293464115878486
2590,25.820037033715202
2591,64.85752029977296
2592,31.818261544810404
2593,69.7864679949268
2594,63.70611792089666
2595,72.36116622031402
2596,58.906998389684674
2597,61.103065063104815
2598,43.37928200084566
2599,30.422740224236676
2600,38.644661228755304
2601,30.957438499568156
2602,25.78864960756882
2603,68.92506128072019
2604,33.20072948521625
2605,31.700595731130996
2606,66.73969790794273
2607,74.36607020727432
2608,54.60446786050926
2609,63.82997479282032
2610,40.0749876693242
2611,61.585885371727386
2612,73.36964957960514
2613,35.305237859924546
2614,54.64021544192083
2615,27.28464326176381
2616,30.679570067700965
2617,7.678773047241734
2618,67.39654417578436
2619,56.58373601526603
2620,57.8034129649002
2621,68.77380422476114
2622,70.68451497150099
2623,66.5244483579012
2624,52.054488562794745
2625,33.10329608929594
2626,33.978499565053006
2627,34.38775211612681
2628,70.75316551129171
2629,34.63587796990371
2630,39.03394244271826
2631,28.741675950894574
2632,71.7883860070833
2633,32.31914070042754
2634,53.35781063550232
2635,64.44518166810485
2636,58.93153909220143
2637,59.860914568323494
2638,29.364471307320834
2639,31.64046328193374
2640,60.483700281002136
2641,28.688263849577943
2642,36.07812263744845
2643,38.76000903748498
2644,66.84328919082925
2645,31.044501424914273
2646,62.884356365058856
2647,36.26594214289378
2648,59.57365993587293
2649,35.241227718602154
2650,58.52826670871863
2651,33.038618825393776
2652,30.690962125051456
2653,26.931406786405027
2654,27.64348818343509
2655,65.5399943827063
2656,71.35958186358008
2657,72.59158324392189
2658,58.93933149746005
2659,34.74452144373716
2660,29.693276380830007
2661,22.20311812914644
2662,40.93071398525566
2663,73.40099063857014
2664,71.98587950518566
2665,56.25883899397044
2666,67.42789726823952
2667,47.459548492072315
2668,39.165829813710744
2669,37.44170496904704
2670,29.85947611272332
2671,48.088425190352474
2672,56.31983210869082
2673,28.78266649688362
2674,70.64426934912314
2675,42.245607145407504
2676,46.14105670083702
2677,69.02115361932587
2678,37.66648697549188
2679,66.68237025138619
2680,33.40159392904323
2681,62.72916272772246
2682,33.330430058571324
2683,30.778747178729944
2684,63.46860938688245
2685,67.30850905783451
2686,39.31352148766007
2687,40.97925757444334
2688,26.958358710461916
2689,64.78775452748707
2690,61.08167661394248
2691,36.983557626969706
2692,37.081883868519895
2693,33.262219518150495
2694,56.53977841281142
2695,31.981966642109967
2696,72.87973169172793
2697,50.88490598473779
2698,64.82929287119327
2699,54.281162702932775
2700,35.381391302162015
2701,30.78448461912064
2702,45.03865811257248
2703,54.878950256728665
2704,76.8711573662204
2705,88.57343691576773
2706,36.18311841136599
2707,61.92845110933806
2708,30.580094728483097
2709,31.788709938888772
2710,46.63904474125768
2711,32.93927477158967
2712,42.73504722726642
2713,57.63808192566866
2714,66.47400490433232
2715,64.99812492401247
2716,66.71553404742397
2717,26.31513040471902
2718,56.87986494734855
2719,26.60388625067597
2720,30.9598081619015
2721,30.071640686227482
2722,73.83503366932185
2723,28.641502696353065
2724,68.4822256955212
2725,33.83043455203921
2726,73.86576565360492
2727,19.818759944098204
2728,50.37108933076637
2729,46.46625318137037
2730,31.779138952860315
2731,33.68490491661851
2732,44.49198666159836
2733,39.6930887413456
2734,29.993045154071538
2735,72.02840049948443
2736,70.7557348703378
2737,40.02212508776519
2738,25.461204019705555
2739,69.747692899332
2740,62.840235486438786
2741,26.360557700762413
2742,41.586582730103245
2743,37.103557812589095
2744,55.06522442828265
2745,41.222445876456945
2746,46.904086458192225
2747,68.40750938331351
2748,57.21962158051764
2749,27.150601870812203
2750,34.49167658466326
2751,73.74240786289853
2752,57.109219536356946
2753,52.370682611915335
2754,51.227726119706425
2755,57.33949726468707
2756,28.428076051928876
2757,62.84319028291388
2758,64.80619882190825
2759,35.807880475356285
2760,32.883216170827744
2761,38.96779120432544
2762,41.63096602929644
2763,27.982762226629177
2764,62.69938123283483
2765,65.66351366113858
2766,72.96085996847754
2767,83.41286423662063
2768,63.104194019444506
2769,35.344474153912365
2770,27.61193503390662
2771,32.98913481177633
2772,59.76178626161438
2773,64.52721536708542
2774,35.54863220786474
2775,40.91500861251634
2776,69.74620263134697
2777,32.73435753546448
2778,50.9023500085009
2779,62.60708795478401
2780,32.78981117964989
2781,70.37214959922035
2782,51.8615080601129
2783,75.40319450033977
2784,65.77095992694072
2785,36.53276551234202
2786,68.35345466625374
2787,55.20239630422444
2788,30.13262388202726
2789,76.84319731741408
2790,65.66605491822006
2791,35.599677046403016
2792,37.511280375892824
2793,53.616123819756496
2794,62.80169218595924
2795,33.73368520807932
2796,55.614372505473554
2797,30.285067423803575
2798,27.184110347588884
2799,73.31689142499981
2800,52.358350259021435
2801,62.1521737142463
2802,55.964374835137654
2803,67.78813353827893
2804,40.02282032424197
2805,30.99006808307827
2806,81.06682511265406
2807,35.34585830931872
2808,41.929788014918486
2809,64.00373662493122
2810,37.17873300109957
2811,72.71951226107448
2812,45.77182495332855
2813,78.33219726368577
2814,43.475622530944776
2815,29.94381926782789
2816,54.8505194103561
2817,38.69201579778874
2818,30.63772173639294
2819,24.23682593900127
2820,63.849470704839284
2821,62.633631928326956
2822,28.90815671799909
2823,47.05844257559873
2824,31.133716484200697
2825,29.165458718349917
2826,73.64456620119965
2827,55.64455110704576
2828,37.309254169250316
2829,63.08814016547504
2830,30.120427114010496
2831,63.237977776180045
2832,68.5297377410284
2833,37.48755638043175
2834,76.42686992623442
2835,48.76192068083347
2836,29.272506901654864
2837,73.18467369571788
2838,44.28426076083206
2839,73.35298822899819
2840,60.40695043213063
2841,27.954573173880668
2842,63.345943065477016
2843,66.44969492968691
2844,34.73519576774509
2845,50.701139646917035
2846,49.225586783236366
2847,68.71283168228766
2848,52.20327264292669
2849,64.83691281238693
2850,37.962645726473625
2851,73.87753780084572
2852,57.61922126769836
2853,40.28427751759428
2854,31.272526692005776
2855,38.00047158698666
2856,62.42097996127606
2857,62.960215023012594
2858,59.00177620637683
2859,52.1704370256122
2860,28.615473371109438
2861,50.023595823954736
2862,28.73864807244327
2863,63.456356735866024
2864,32.65405110770996
2865,27.57684841778297
2866,66.84538674578079
2867,28.188018360272523
2868,51.90820076454179
2869,36.896421730902794
2870,27.23283786124292
2871,30.828254281821835
2872,77.09792461734274
2873,17.163238831634686
2874,73.87185968218999
2875,34.8994982278943
2876,34.63313595770075
2877,34.972201601373634
2878,58.507038195082444
2879,65.36190599016241
2880,40.349479023484626
2881,59.58921570685365
2882,76.22753621547064
2883,41.21113018853002
2884,74.20632321334853
2885,53.83425572757339
2886,30.09836657195403
2887,33.3017415717104
2888,60.70814629018143
2889,30.428202263958568
2890,35.81123989591073
2891,60.45106226274192
2892,35.08275309977218
2893,79.67670972364272
2894,32.81238708637967
2895,52.55759847118816
2896,30.81294332608877
2897,30.45146321268019
2898,62.90598423652497
2899,43.45514748310116
2900,36.82002158092484
2901,30.10755059028625
2902,30.77624029511425
2903,74.33431107404081
2904,27.254638344231267
2905,61.25283389025009
2906,49.39020207158975
2907,40.17753953914362
2908,64.20521178308908
2909,74.26262158572656
2910,42.528728264228924
2911,72.77251767892967
2912,63.30761593434886
2913,41.982944440922125
2914,43.024638257869285
2915,70.31285239362987
2916,34.572455280547956
2917,28.089368110610344
2918,30.695433007437927
2919,38.3380455295421
2920,29.85172151694791
2921,26.527055905800793
2922,21.868716566740858
2923,58.00845793688099
2924,30.730440914594148
2925,54.69079192528082
2926,26.93467482062674
2927,50.3756295351589
2928,36.654301992727596
2929,33.81988131483974
2930,45.86694970555796
2931,35.32377408141825
2932,28.809114985157763
2933,42.03908852364063
2934,34.50656979892715
2935,41.03758881976092
2936,79.86553929510752
2937,25.4426439160859
2938,68.3399577036385
2939,34.379892866845786
2940,28.8651731064936
2941,32.17785571941397
2942,63.57230539997981
2943,31.30668207755953
2944,74.43392821550746
2945,67.87742478608811
2946,61.63190074998734
2947,28.93029236383922
2948,25.421398354642037
2949,57.48896130618655
2950,32.97097584436193
2951,37.41965091522859
2952,74.7592352106899
2953,29.285344741027984
2954,37.77125678011719
2955,33.273625483942695
2956,47.25032139110535
2957,66.66891747408505
2958,27.13827044369524
2959,27.23696644858574
2960,37.36389746216561
2961,48.00512050479272
2962,78.6182841341272
2963,33.94566626662437
2964,32.58021795458042
2965,71.85643587773276
2966,78.09577213384546
2967,31.176914848771368
2968,41.41062789917945
2969,30.93292297370008
2970,32.23448864398101
2971,30.727219677508195
2972,51.11145964592037
2973,30.42754340837918
2974,35.33627569125022
2975,34.14112626837425
2976,33.195463669542555
2977,34.02655627462525
2978,31.77865381510305
2979,32.94175068937395
2980,59.36511702242609
2981,70.87728305651201
2982,74.32104149441076
2983,68.93481457820927
2984,35.04362204061969
2985,33.31090327928059
2986,37.43594543874738
2987,30.12502810197244
2988,76.22483114071272
2989,68.80549685019753
2990,62.71888038117365
2991,28.784839280701355
2992,70.52533813266655
2993,33.39281185574813
2994,66.89045052423378
2995,29.67838197292334
2996,57.82194065619491
2997,33.06773502204697
2998,74.02657577127839
2999,29.98693972410915
3000,76.88654334030514
3001,77.88349677388885
3002,60.55952882857157
3003,27.464436001122955
3004,38.26897314746935
3005,31.78494418268817
3006,29.4544932552365
3007,75.73097415951972
3008,33.12031447186244
3009,30.379240896040614
3010,35.76907305534205
3011,71.65088938436249
3012,67.85513635283131
3013,66.42127125694088
3014,33.289798271985866
3015,72.2571584550035
3016,64.04424738879865
3017,63.026648586401635
3018,31.215997346450074
3019,37.12318915455141
3020,34.89642383077089
3021,31.065708741565714
3022,57.84565489429735
3023,50.69337946393016
3024,63.13429510663726
3025,59.87801499699478
3026,50.58550389806243
3027,29.181087659169457
3028,42.7814658494262
3029,42.47869890671141
3030,78.1888338553783
3031,28.668436659821467
3032,43.23057154249649
3033,26.33468655584972
3034,64.7001008938463
3035,67.24143488906253
3036,75.07095512752076
3037,32.753303297039416
3038,67.98490512058062
3039,27.560928994253032
3040,65.38679949310172
3041,70.0061292709855
3042,33.29260520270625
3043,32.47265218573273
3044,46.31670666310909
3045,62.428770570823836
3046,40.6421172356546
3047,55.59916559284645
3048,31.106969512067614
3049,27.796247905474715
3050,25.076108529943888
3051,31.84322459094154
3052,66.61549366438109
3053,40.48994626773641
3054,63.5792700188465
3055,76.29211499769295
3056,53.47527424444978
3057,32.52714514299498
3058,38.341929531404375
3059,81.37976901783348
3060,58.356309900237434
3061,68.22209114530786
3062,39.060384210314155
3063,32.42514062737322
3064,30.33837742961618
3065,79.99319599485442
3066,36.54742566138369
3067,61.89833917942505
3068,31.916758247667453
3069,28.549457491778917
3070,29.863944945084313
3071,31.668175228432148
3072,62.58932080998785
3073,30.88875696310322
3074,60.96552506975769
3075,27.80406069933261
3076,51.501097273642266
3077,34.68117466274264
3078,52.62821481409234
3079,61.930247708986386
3080,28.55007491519205
3081,31.233813592108866
3082,81.85602155663493
3083,65.83673559450892
3084,60.78658429289762
3085,31.449556168503683
3086,31.73370207226177
3087,26.893510103624543
3088,39.86270637426265
3089,38.03063292705417
3090,51.469602478703024
3091,65.14496268253832
3092,34.5359219862147
3093,71.17085823591356
3094,28.877073841539122
3095,63.351025920992015
3096,70.08290078898493
3097,29.669065521900343
3098,34.57813691105718
3099,47.495556945153886
3100,34.86131021350049
3101,63.64926152057086
3102,31.09392665411704
3103,62.43141911307059
3104,52.04971377294791
3105,33.39208470209006
3106,62.905746626458665
3107,53.88087386808738
3108,76.8102140823495
3109,70.90914780355786
3110,73.72318840313544
3111,72.82747376774293
3112,45.50098681142943
3113,33.01972564088847
3114,36.30810856914258
3115,25.188438048743166
3116,56.46008063539575
3117,33.91172134925834
3118,36.44011401534359
3119,63.34895330435839
3120,59.83056394570325
3121,55.1384004005065
3122,35.06422770690337
3123,32.31380893975945
3124,36.26531129358352
3125,58.26072668943429
3126,31.029445099387488
3127,37.2078412801065
3128,30.355569523910106
3129,31.219173900629045
3130,27.43644490945036
3131,50.18230503652276
3132,24.26337044964626
3133,69.8406454094239
3134,66.28297953910334
3135,60.13978904811291
3136,72.94571443547444
3137,27.748410770585934
3138,30.589257173067473
3139,35.90568663488658
3140,29.727999341861953
3141,61.2092344095297
3142,69.3732834741967
3143,50.838933253657835
3144,59.299200323935324
3145,28.2197532461023
3146,31.18539894672231
3147,44.10777755911476
3148,27.55748369443939
3149,50.40640655421391
3150,64.69158774596845
3151,35.271032538810715
3152,34.85687187069239
3153,35.04768208649205
3154,28.83946576314448
3155,60.88115206438272
3156,28.63731271033241
3157,23.866054498947832
3158,29.075062077916627
3159,38.50920078523561
3160,71.82001699337647
3161,34.93373016708158
3162,57.96443378828787
3163,56.60476829590089
3164,27.24393431522271
3165,51.57002767852862
3166,65.84898727475775
3167,42.95853447721888
3168,42.29394487407444
3169,29.11574015152432
3170,58.136031305315306
3171,31.79392515482779
3172,57.14156747034891
3173,32.078182795737305
3174,29.88665379636859
3175,52.112134375478135
3176,21.209434665077858
3177,70.50227334366294
3178,42.171027748212325
3179,58.680821063991345
3180,33.337386620762935
3181,74.10275938455676
3182,27.070472218942598
3183,34.11741876338975
3184,27.30665825826175
3185,31.5786422050952
3186,32.09754535325031
3187,75.68431520416024
3188,31.67304409147431
3189,42.98135986809886
3190,73.2775817612013
3191,73.46099698043983
3192,50.308930764508176
3193,80.24695867155656
3194,74.21321021054003
3195,28.136141191616993
3196,24.332376565864777
3197,62.71497989961152
3198,74.32732630269012
3199,74.31242340271031
3200,39.311872689172446
3201,24.040712728698765
3202,27.264301691167596
3203,48.42512359018855
3204,65.37037645734604
3205,69.60774850381344
3206,37.48519915477411
3207,24.80347359123865
3208,30.01317682480142
3209,62.302095421223086
3210,44.64117502554902
3211,34.90780601408784
3212,62.681049502376254
3213,67.93989613788055
3214,24.575535983768006
3215,28.677329064373865
3216,30.063436764906818
3217,38.90958964547631
3218,30.828892491656653
3219,73.88215145512422
3220,69.02267648192861
3221,65.52539532711761
3222,33.557119768906354
3223,38.47308580105425
3224,29.274782334767643
3225,31.296138806240563
3226,30.243406727923485
3227,43.04391117471771
3228,77.60295610715372
3229,36.0884924715174
3230,29.91915174581421
3231,30.63885517205774
3232,28.648074451437765
3233,65.56156630480203
3234,34.93475132974989
3235,52.0986445124463
3236,56.09794792921542
3237,65.03153367917501
3238,59.400691599745834
3239,26.818313945856104
3240,23.817991494201948
3241,28.792430051508177
3242,65.17977491925512
3243,32.24828621809192
3244,33.0212119175854
3245,33.97957620948989
3246,78.27121276622539
3247,36.923759457207794
3248,61.52192374922758
3249,67.5969647091825
3250,70.91130196522217
3251,59.711689370819265
3252,31.989208123411295
3253,84.9757415358242
3254,66.72999899678315
3255,50.26739900021619
3256,75.1320959460152
3257,34.47041440797802
3258,27.361126398199197
3259,33.67597699802208
3260,61.217643982659176
3261,35.17263453557012
3262,52.050404706360055
3263,30.41608766595609
3264,26.318355055226647
3265,32.55675034606211
3266,26.076494505222733
3267,65.08931123592805
3268,70.42631036303347
3269,71.16753608032191
3270,64.04902391953979
3271,33.53257932721465
3272,64.90824296480235
3273,33.045368312844246
3274,29.9877283521607
3275,29.50873313034706
3276,65.80438223682876
3277,81.40162686392446
3278,38.11098059570785
3279,26.03271606745583
3280,73.2083800488569
3281,75.49890850013605
3282,72.00894108976055
3283,27.772408834893547
3284,30.96545414505848
3285,53.910802707063255
3286,31.97496052084795
3287,32.42349762198047
3288,31.441279087661187
3289,62.528013212009256
3290,65.13420650129244
3291,74.82154840477642
3292,30.485445329766208
3293,70.339023682341
3294,55.67930088854146
3295,28.387855857615662
3296,35.77842797231987
3297,67.79985697896036
3298,72.29358471090048
3299,44.21933023384592
3300,65.77214095639287
3301,79.2053746739776
3302,79.49712538117916
3303,27.89954584583191
3304,28.523526573434808
3305,69.39272715821907
3306,61.26994834637891
3307,48.965267327384154
3308,27.785450057756385
3309,28.143289863535763
3310,28.21438809733911
3311,61.79282685710197
3312,28.838671839958238
3313,36.92619377760299
3314,34.22621053015149
3315,35.31096296789814
3316,61.69344130576104
3317,62.655120176516604
3318,31.02998634968486
3319,28.84217129648065
3320,49.43438962954756
3321,27.62721798411387
3322,66.94832303205172
3323,33.14257692317147
3324,65.47283205996774
3325,28.442896268754367
3326,38.59490722725293
3327,27.435728041650336
3328,66.22645421732551
3329,63.95063064243889
3330,77.41390483963762
3331,32.393978410550595
3332,58.71282426630165
3333,62.477974080194
3334,70.81054779284959
3335,33.32332558084106
3336,30.7506675430416
3337,78.31985986230502
3338,70.5970680710026
3339,27.14415705679773
3340,43.949694686518924
3341,33.1434303951076
3342,83.01129861355263
3343,64.25467492710604
3344,70.5180996477434
3345,63.69041664509521
3346,62.35768455774486
3347,32.752610962496874
3348,28.288923163388958
3349,25.270717686123724
3350,57.57114087895212
3351,40.732921130709975
3352,65.32288082236481
3353,26.82654517795241
3354,34.03083116099041
3355,24.895318453252372
3356,69.027865598112
3357,69.66137503906512
3358,41.430718200177665
3359,38.63716016387088
3360,34.28123387752533
3361,55.8362275093588
3362,62.04003889719314
3363,79.8839887338983
3364,38.830595233023956
3365,55.212031886544594
3366,33.16989995062184
3367,50.30844834790283
3368,54.63064217652375
3369,53.53915122199129
3370,34.04419455771925
3371,28.672890612446125
3372,37.125834768602246
3373,60.41500602783818
3374,25.271026806778778
3375,67.61481061488448
3376,57.57328343133674
3377,72.83737618559155
3378,52.851240966212615
3379,26.05642955785588
3380,33.71172679378278
3381,29.516670901589514
3382,73.44500731152212
3383,31.74486844674834
3384,33.1260642860173
3385,28.716569253171635
3386,29.52898227746924
3387,71.22314173360394
3388,65.87873670485565
3389,29.281345361299856
3390,38.9086090701222
3391,35.72031325468488
3392,27.750418155678247
3393,78.32764790197058
3394,65.9258081283573
3395,65.90846988935462
3396,37.36074404433979
3397,31.03843466782869
3398,34.293556580341786
3399,60.405393688598096
3400,29.637999498453183
3401,43.07501230691906
3402,59.043495596035825
3403,36.4427143075411
3404,62.566357734635034
3405,78.04799945353635
3406,50.91371936944387
3407,29.796334570898082
3408,29.613072240251768
3409,72.0350569507635
3410,58.78834182050969
3411,58.74047823020993
3412,56.34142934878777
3413,39.954928444827424
3414,35.19723830528021
3415,30.30517102811131
3416,68.41144061833654
3417,73.67170369390115
3418,29.992464826955732
3419,34.813490260516204
3420,60.57426403627899
3421,32.81422634727752
3422,55.9454546599915
3423,33.559700312530566
3424,50.60998086387967
3425,34.64542896311585
3426,63.31165240614058
3427,28.518094128730795
3428,33.95325627659411
3429,58.35651431412888
3430,28.428267467757564
3431,71.7416146497415
3432,48.82906450262432
3433,64.47606244889398
3434,33.3174898843839
3435,75.9042673207509
3436,50.55194156473604
3437,60.16286059259987
3438,26.05026483917647
3439,63.91563925562051
3440,37.0617837360711
3441,43.25429631732908
3442,30.043663571492132
3443,31.877483181267863
3444,67.12196498189866
3445,34.99430107629273
3446,29.934977828302024
3447,54.32867606832894
3448,54.82300593320542
3449,36.45453052733277
3450,28.625481305561024
3451,37.38570129491065
3452,19.35669979336685
3453,45.7143719568263
3454,68.13586246850316
3455,29.461623064879852
3456,39.73216782241129
3457,72.11934679702357
3458,48.996499960941634
3459,40.139486498619476
3460,30.55349101033972
3461,33.25127640109234
3462,69.15504429701203
3463,63.93684744407503
3464,31.955259777834662
3465,30.348741484974255
3466,78.79726461544995
3467,60.36720054905965
3468,37.372260179349176
3469,30.27562918398197
3470,31.520400729537258
3471,55.698750700124165
3472,65.01670775726595
3473,57.99006428910897
3474,74.13944296502872
3475,70.39216739852549
3476,31.954280862382248
3477,58.19326681244398
3478,39.59740918166782
3479,29.778257866258855
3480,27.178589161721185
3481,29.004881553942234
3482,30.425533900843398
3483,61.84915467808558
3484,28.800570123302123
3485,59.15388136656386
3486,54.767446075501894
3487,26.415330253964065
3488,30.640091163399816
3489,69.93090571180869
3490,65.76330785256735
3491,52.210938161963306
3492,47.37020169502008
3493,68.65179228629023
3494,29.405834790183775
3495,36.92867349494809
3496,29.513582754280918
3497,27.4972035801294
3498,30.13744433105414
3499,58.06255690161893
3500,31.441431009440905
3501,30.70633329795394
3502,78.23344514494039
3503,54.06592249327991
3504,34.99125641012592
3505,24.856196657483643
3506,70.57868015019176
3507,30.288969276572615
3508,33.074898877690465
3509,31.408250490619224
3510,31.44716205376428
3511,60.2652017512404
3512,28.757746907751354
3513,27.786299592720667
3514,23.738919684923772
3515,68.53817635454249
3516,69.69128684159668
3517,28.62992413139871
3518,33.796165251893584
3519,71.03048644091871
3520,76.95857531106448
3521,33.81829092668743
3522,43.60040971270023
3523,31.49637999884716
3524,65.09852898883052
3525,31.79523052528706
3526,31.5675312375961
3527,33.03495611280192
3528,30.250584933644433
3529,43.4096746029637
3530,66.25579472142985
3531,30.1109558642953
3532,56.52856247137487
3533,36.905195752057544
3534,26.866278732735097
3535,71.51496965454669
3536,53.158465949915765
3537,29.09778015232422
3538,32.41413605050731
3539,30.853107074075602
3540,37.4565140535807
3541,34.673542219755944
3542,34.80261994230566
3543,54.61773851059797
3544,28.04812754789034
3545,79.89064947506425
3546,59.97901493856976
3547,30.670117838281932
3548,24.071050609403933
3549,63.27403132481797
3550,54.953333903002445
3551,31.84632383980535
3552,39.82087886558534
3553,54.696736359471195
3554,32.8650523647429
3555,38.04768553680588
3556,46.07289120531326
3557,61.46912486306327
3558,82.09070698011482
3559,35.484431920656654
3560,68.97915437500276
3561,30.746823254428598
3562,79.64713856763666
3563,34.534906176302776
3564,47.8613935926016
3565,58.94259068247318
3566,44.50249372549673
3567,42.06191448169592
3568,28.593654697033934
3569,42.728472758193114
3570,49.19356820297737
3571,41.01475763632686
3572,54.322376255380895
3573,59.889800338336855
3574,63.2839546727366
3575,60.99210948320883
3576,54.87372615499271
3577,43.34646346732878
3578,32.499264892331006
3579,36.72119910720512
3580,65.31030002109301
3581,30.617405810192857
3582,26.809341754237586
3583,32.65328099057817
3584,41.41770210974535
3585,30.253432195804663
3586,75.02523536564772
3587,64.55984653845888
3588,66.03193024152594
3589,64.96839068509601
3590,34.552574430285944
3591,78.12010830234176
3592,73.42848909525229
3593,28.599047253519522
3594,29.436205230810522
3595,60.89111516845985
3596,26.20823852395356
3597,33.17723916979801
3598,32.18778345474903
3599,77.63606680323987
3600,73.94378529118327
3601,31.510762407374514
3602,36.6804694950472
3603,72.48884858238641
3604,33.36776001602365
3605,67.39076268775993
3606,31.994062461947948
3607,34.536899734761874
3608,60.36143851771869
3609,37.04767210062931
3610,29.968659962045265
3611,49.65291276903184
3612,63.47253002113936
3613,62.04929257876101
3614,52.186698484687625
3615,67.5407861572996
3616,29.093916375136487
3617,58.23377595694577
3618,31.504632728307975
3619,53.57432040344629
3620,52.59472321640712
3621,61.53278396571835
3622,36.36934278075673
3623,59.225987470272145
3624,44.76414240866564
3625,29.649617040139546
3626,37.961188235806304
3627,62.745274506885906
3628,30.555256581883498
3629,61.894103666368466
3630,67.96394523506696
3631,31.68701177678446
3632,59.77673943673013
3633,23.196117750286696
3634,72.94387606977614
3635,54.459979888326146
3636,54.43405508355778
3637,63.64311483747629
3638,46.63348942238595
3639,71.24734019637688
3640,32.7604993065685
3641,54.91396970443172
3642,38.870814460523775
3643,62.97823032684454
3644,31.151471599504177
3645,40.702017216439124
3646,56.79753128306842
3647,64.63066710635037
3648,23.120764529811957
3649,35.812002045750944
3650,26.173583763452775
3651,28.560566132464608
3652,57.68546965782143
3653,28.9762948540232
3654,73.35103282130999
3655,64.65334985235198
3656,39.52543591635994
3657,32.491361240994664
3658,68.9023017776789
3659,46.899735556436966
3660,37.35739998614923
3661,69.44270627989451
3662,27.471083868431833
3663,26.590031380298576
3664,63.22210815280162
3665,31.667421083328563
3666,65.78827013421127
3667,49.500627960676184
3668,58.17379424643061
3669,33.23775509804792
3670,73.56096915875482
3671,51.25869154573297
3672,29.794788660761952
3673,52.47325054019348
3674,32.10610054293931
3675,71.08692102750264
3676,63.47355703506184
3677,61.29186296169358
3678,64.37177275423748
3679,54.98720993099765
3680,72.37698834677599
3681,40.965576091708606
3682,43.055295152221596
3683,33.78941482954478
3684,62.66369615830619
3685,29.35148052163845
3686,55.43253783272923
3687,71.77730496192854
3688,60.93230992921171
3689,69.27902987330535
3690,61.26531805502616
3691,35.40597166569096
3692,69.49417726703561
3693,32.278773329637794
3694,55.293780866169904
3695,38.614892524706704
3696,76.84322393690758
3697,54.17032181881304
3698,28.525213787547067
3699,51.11796545986285
3700,32.48899749826486
3701,62.19535007616251
3702,69.19432773196785
3703,36.77288248571503
3704,68.17382307061153
3705,68.81912380205388
3706,62.42785485944054
3707,31.997760241318453
3708,34.69731031161735
3709,68.44904641883161
3710,53.116187408961515
3711,35.071880770166686
3712,31.78078628069577
3713,75.37054112485781
3714,71.12378562642219
3715,27.26276754088464
3716,40.96797638207746
3717,71.64148296565389
3718,64.6312673250934
3719,63.58617370136471
3720,30.953036499681296
3721,75.54741744525022
3722,50.46889700034171
3723,70.13222039122462
3724,29.696265659563416
3725,31.27908459580592
3726,36.41847731098925
3727,51.31691290836525
3728,-8.18479727854914
3729,71.76675135668741
3730,32.154764406629575
3731,49.636135470619614
3732,39.55536620243
3733,73.07772739262234
3734,61.57796247388657
3735,63.53210758900988
3736,33.277063033143286
3737,70.94063051448822
3738,72.27849044662008
3739,41.86683398634017
3740,30.585159717555136
3741,60.77494437775804
3742,71.31401591484848
3743,38.13556872898575
3744,42.24164748698795
3745,53.684927385956726
3746,68.7835087961255
3747,64.77045216929065
3748,32.874145416002946
3749,32.529293855529716
3750,34.481696377500725
3751,44.057358463878316
3752,27.605259939175845
3753,66.59658635138338
3754,56.75816401762619
3755,33.273804335156264
3756,61.31769129743112
3757,64.03499594699794
3758,53.08249324558403
3759,72.55378774459881
3760,71.15819260841852
3761,68.76372975416649
3762,33.37301341805969
3763,71.12743787085049
3764,35.61479093352424
3765,62.04456565223285
3766,51.01210707676688
3767,36.164626660060996
3768,51.44038505939324
3769,29.909162135787632
3770,27.25690195024894
3771,72.43948266881651
3772,52.78894915164108
3773,57.49639944220584
3774,40.76694346889865
3775,66.87714567104996
3776,74.358547325197
3777,28.63285820080735
3778,70.66173472793184
3779,55.65698378177959
3780,26.28946440346661
3781,39.33373769907235
3782,33.52070942823954
3783,61.12377335339766
3784,26.635976333512033
3785,41.13688785874424
3786,60.40126049607051
3787,70.623988378001
3788,69.49167613995589
3789,71.1597221046863
3790,33.13565829456864
3791,77.38071069295844
3792,26.555489919425803
3793,69.54741254743267
3794,54.99031871520644
3795,28.634545965035898
3796,62.628562482774804
3797,72.12657583505501
3798,69.95408421734753
3799,32.52752871959927
3800,52.32041008114605
3801,76.04716026417303
3802,25.071789825489873
3803,31.678413144244544
3804,62.54307169707984
3805,51.80392278469881
3806,79.1975727412089
3807,76.3001176271627
3808,73.95012806011032
3809,71.90529918392443
3810,78.837428540704
3811,35.37277277463505
3812,62.87522672431129
3813,32.194172463932915
3814,28.34644522771402
3815,71.12983974830391
3816,74.87229293111486
3817,29.57283364349893
3818,54.754956904724565
3819,40.71296467116536
3820,71.6018613236978
3821,38.905999337309375
3822,31.6531380574869
3823,29.863052759290312
3824,63.057272808888655
3825,36.98175105242482
3826,56.01015276739208
3827,61.64394711223659
3828,51.75469932795133
3829,26.774707044828588
3830,61.552410925878725
3831,57.698808168066755
3832,35.25689849503383
3833,26.330101590673756
3834,33.87771237070807
3835,75.13925530073323
3836,55.31787789692245
3837,38.41284931420472
3838,63.66459045268956
3839,28.960038173521653
3840,70.38693118828348
3841,57.39805696531982
3842,41.49406034894017
3843,31.895536443584533
3844,67.95389642100717
3845,38.240621733011416
3846,31.624447322267564
3847,43.50707592666331
3848,49.64292904080035
3849,26.112437424996436
3850,52.70717736085937
3851,32.41991480290389
3852,60.45229412051319
3853,37.85565482155216
3854,53.40517034413778
3855,33.32507836854961
3856,29.15217484246392
3857,64.95111487059648
3858,32.43298043552019
3859,59.62436172745013
3860,52.76653256311951
3861,60.989473270531604
3862,63.63031240325714
3863,32.997468529711014
3864,61.796094855003425
3865,70.59062382098946
3866,29.43379849271284
3867,77.46930204675905
3868,28.07353350013684
3869,55.312859574944866
3870,69.57472453625938
3871,37.91918659828913
3872,33.360375869202564
3873,57.054514448082074
3874,31.366539354454247
3875,34.41812358937295
3876,29.53266002670326
3877,44.87458208415061
3878,57.846523634417295
3879,56.6874798868268
3880,54.7647894123474
3881,34.446769332216
3882,56.58369911375351
3883,34.36449610306709
3884,37.817705322747535
3885,81.54417262052414
3886,32.43195008050246
3887,29.546030831764853
3888,30.051327775407508
3889,11.769322059420873
3890,78.3690064145397
3891,72.3723372051932
3892,35.35959887676754
3893,25.345795793207124
3894,29.948862039547365
3895,75.32443195449005
3896,31.346999553820723
3897,29.17217949434466
3898,31.629827872668805
3899,43.06067531025787
3900,26.96931104823156
3901,47.301928748430726
3902,74.22873354514041
3903,61.85017371550637
3904,39.65641878090975
3905,29.779295331588486
3906,78.22327080306253
3907,55.34028391440614
3908,30.697674245198385
3909,67.03822771076497
3910,54.959194765753914
3911,57.384870894610124
3912,30.99354646820811
3913,65.52040685538174
3914,70.73083966461006
3915,60.21256508377837
3916,64.49015001214289
3917,64.5685187015207
3918,52.26479936946514
3919,27.078257548874397
3920,28.33214750178184
3921,30.606989802985417
3922,46.032305657204105
3923,70.66645207651356
3924,73.62244040113072
3925,29.05525448784357
3926,80.28547765911931
3927,65.17752744853267
3928,37.157552967899036
3929,37.64998538655536
3930,57.87698206097871
3931,52.28190030711001
3932,38.17317616182104
3933,34.45932734936092
3934,61.20370790677392
3935,29.872956987433746
3936,35.501076682453295
3937,79.58387746384106
3938,61.087365524863785
3939,35.6384046648149
3940,71.29605192845455
3941,31.388555826042484
3942,70.23460125613278
3943,29.047558790764754
3944,62.216288707152714
3945,54.81445303359279
3946,52.49063809102974
3947,28.54446688812356
3948,54.04542818317451
3949,52.51679585824539
3950,59.49131191195677
3951,39.591413328764915
3952,30.865932709536807
3953,53.51343405365117
3954,28.76978135988999
3955,50.129109542094234
3956,36.946702978597735
3957,69.22653686994065
3958,29.04613570458448
3959,66.63388712422233
3960,51.155567910899705
3961,49.966962878172524
3962,54.028381581236985
3963,34.22289670239917
3964,49.08221426218728
3965,27.983450688946682
3966,64.40409575206998
3967,39.72068029087371
3968,52.271649674806795
3969,58.12598919100611
3970,46.73316736923725
3971,32.83524251086904
3972,66.48453012765083
3973,40.605463132968076
3974,40.352936332568525
3975,77.6274916681995
3976,70.8422481830985
3977,58.798302231702124
3978,63.03849828980284
3979,54.42896628018329
3980,61.098089489477545
3981,61.55426596863221
3982,52.40858517367883
3983,58.9088221877005
3984,51.49229092286339
3985,51.53722617898911
3986,35.23619186140749
3987,33.528946840306546
3988,39.83067715689417
3989,52.01118181362726
3990,32.34759785611427
3991,33.18722823300531
3992,60.62356275676858
3993,29.387914424733758
3994,55.007066282527624
3995,26.445162215674273
3996,33.148480198663705
3997,31.13678509823778
3998,40.01701708896221
3999,45.96655040330648
4000,56.487134383646094
4001,39.57912711159067
4002,33.15424561580857
4003,46.873079537861145
4004,59.65846221723924
4005,27.617444215454327
4006,27.852516541820904
4007,33.169743018726145
4008,32.276249677241296
4009,63.40189192925592
4010,34.75878526342693
4011,64.93153202039889
4012,29.990026045016037
4013,35.210568533288416
4014,27.77403838543099
4015,26.642041014786507
4016,41.07521241121877
4017,38.97932464209753
4018,27.83855392159974
4019,70.1230839051044
4020,32.6621085401083
4021,60.507349188120656
4022,29.475976099746056
4023,32.29054088205849
4024,43.74102956381021
4025,32.52805330381412
4026,60.95568454661733
4027,72.11476239822035
4028,31.4698970125353
4029,62.84631320681617
4030,31.972594574898352
4031,33.034391620107414
4032,37.640286066873244
4033,38.91685076414851
4034,33.79586587960247
4035,44.33736429251225
4036,37.28516053308182
4037,30.998624844572333
4038,67.13150016967647
4039,69.6733140314914
4040,51.35466680300553
4041,68.58340689447323
4042,51.316116720519375
4043,69.1704355420482
4044,56.99727796417514
4045,69.40757159351223
4046,74.70071104295835
4047,41.21396775669642
4048,70.66578723568705
4049,67.42015801361248
4050,62.21625358776347
4051,35.32528649083421
4052,57.37178798546026
4053,32.17785549391703
4054,71.829943876123
4055,51.530514197923274
4056,33.77837935418114
4057,39.44894819400453
4058,26.364712274486152
4059,69.5230382553286
4060,66.06312792360337
4061,45.479552525865145
4062,71.59164908656116
4063,68.69479866084974
4064,28.159214545422145
4065,46.810994872108154
4066,72.08960339711558
4067,31.079332541289112
4068,31.652625598758192
4069,28.484364632120823
4070,29.568250190240306
4071,37.11511582267049
4072,26.07861391164036
4073,37.044391266261606
4074,37.284636355493184
4075,56.74935565466561
4076,30.14782862548566
4077,32.459560952918444
4078,55.5067295002623
4079,35.921533438697445
4080,30.97075007323805
4081,31.148355820429728
4082,73.42456694869131
4083,48.291681472247575
4084,30.306727442882732
4085,67.76283819451845
4086,65.2828324782775
4087,30.56445909220588
4088,56.99631978720427
4089,63.06488604094754
4090,28.71524287711243
4091,73.08000121331247
4092,33.056065213485724
4093,29.065030205630983
4094,59.51347960601388
4095,34.08798672507676
4096,42.39583283455843
4097,36.06850760288511
4098,69.08138194828466
4099,68.11398410450249
4100,70.58708224765778
4101,70.86207028708137
4102,55.60380290419539
4103,28.20621340760721
4104,66.22616689892845
4105,60.674060574091726
4106,70.0243187781083
4107,65.0273774681073
4108,27.729084389937007
4109,67.11427299959388
4110,39.89430155172345
4111,36.549293587737914
4112,58.43671828436307
4113,36.73182435228662
4114,72.95439932140543
4115,37.32568424116829
4116,46.42103733266409
4117,45.59017307862896
4118,29.74773802449311
4119,34.099980713852986
4120,72.74807290350563
4121,23.996643557879764
4122,42.77261008041802
4123,54.74709469803882
4124,67.13370929814019
4125,35.88861809126308
4126,52.365590203677954
4127,53.97100272552939
4128,32.607656330938326
4129,32.07884372521038
4130,71.34046484380418
4131,68.29606749885569
4132,48.59631132252697
4133,53.874851946967645
4134,61.15290986188466
4135,26.26597754345996
4136,52.52640577862676
4137,71.16702350253226
4138,27.794368863834144
4139,79.18354676978038
4140,36.39093244641087
4141,71.18125421882878
4142,29.40991481411961
4143,58.802717255756406
4144,28.695576769396155
4145,52.48449222844805
4146,50.142372002368084
4147,37.1684121206166
4148,58.93316924997993
4149,65.81432122165839
4150,45.56570730625606
4151,32.96051745533853
4152,33.37687797381158
4153,33.907319448156194
4154,33.2709612239129
4155,60.31205969385177
4156,65.40104344097868
4157,72.07502638435568
4158,61.79581042586118
4159,69.60490203976491
4160,61.69833283749427
4161,39.77164483450612
4162,45.56061292404882
4163,65.89381587823297
4164,75.11052053762498
4165,26.348103098565893
4166,25.56780039705363
4167,64.44646537928762
4168,35.02392611059576
4169,50.39031122214354
4170,35.45193235989664
4171,31.275408600087893
4172,31.644485486810822
4173,44.83979489847154
4174,33.08690246586376
4175,66.84025367030769
4176,59.04257709773095
4177,64.32847714700506
4178,53.16308541830175
4179,67.48347634819024
4180,55.82684299649681
4181,56.70335602634317
4182,81.34312213383792
4183,61.116795517547715
4184,28.035943174337874
4185,12.003031213955481
4186,27.316026934173465
4187,51.12280506831639
4188,29.67125331010523
4189,63.76619350143234
4190,75.2217799784412
4191,33.386388871963796
4192,50.438133390907915
4193,54.29881126818028
4194,59.35781298307164
4195,72.49746143009372
4196,64.1386676836116
4197,57.131678827022355
4198,53.537582055872264
4199,65.14393285542513
4200,27.06493058305651
4201,82.63960468619545
4202,58.89216239618464
4203,75.31834385808754
4204,30.517330571959455
4205,32.60315428836793
4206,65.61120376275991
4207,33.995936393838605
4208,78.85769689687261
4209,44.26665301996066
4210,43.622361819329406
4211,58.65549428249032
4212,73.6040981644293
4213,44.62745283002215
4214,48.57034190574755
4215,60.205064485981396
4216,68.83534977896691
4217,30.39534651346466
4218,70.61646139123205
4219,31.0692935750561
4220,53.04763755531323
4221,30.364182419510747
4222,65.23346163651384
4223,73.48605524970806
4224,36.111483611048584
4225,30.355398738086322
4226,35.098004629872364
4227,32.05277737273343
4228,31.81912296014591
4229,66.39186439799604
4230,26.80869845382024
4231,35.88623399646161
4232,26.696424524773583
4233,63.80455012902182
4234,72.64908359513404
4235,55.19043446612824
4236,56.807539118707766
4237,53.01393083735124
4238,68.21744224033137
4239,74.4503305197966
4240,61.97192314672871
4241,90.44212618573157
4242,84.69568517546878
4243,38.31518932844872
4244,39.93867188649572
4245,58.70533977641194
4246,38.889429017899324
4247,27.781658818506806
4248,32.03802580335931
4249,74.1371591809711
4250,47.82561258149746
4251,27.265407185756857
4252,30.58444897752122
4253,31.967049023045988
4254,59.91285169998302
4255,62.92037902803111
4256,26.48398359342596
4257,66.66819721401792
4258,59.507686944947466
4259,74.98328587615599
4260,76.38025318941733
4261,35.731061383920434
4262,29.123932309148586
4263,70.43584325856523
4264,60.189165507480865
4265,31.104280356437677
4266,33.12202720067903
4267,44.63842267890025
4268,54.64138385717541
4269,36.25534306041857
4270,74.01578675992867
4271,42.588676073633195
4272,71.01158186968883
4273,40.402714554162
4274,53.97446040140815
4275,56.17508363017903
4276,70.74346901395263
4277,33.065577993694745
4278,60.35676574480038
4279,27.979220614663333
4280,69.43401087500973
4281,71.30686071272987
4282,27.853252753204167
4283,29.14756623393886
4284,73.38192953496497
4285,30.8914574331921
4286,31.013378957706884
4287,33.67082303182724
4288,36.08957019219869
4289,30.611677900990486
4290,55.74888003903985
4291,34.93878176100618
4292,37.8148440459152
4293,63.78670525947169
4294,35.372076463208415
4295,53.709280928500355
4296,74.72167203805981
4297,38.9691855769629
4298,32.67546816291449
4299,28.648290204450134
4300,54.24997269647187
4301,57.188766597347836
4302,53.089004253067
4303,29.129721335660548
4304,30.3135757488822
4305,63.69747760384712
4306,32.5323382187874
4307,67.76173808850488
4308,34.3985088412097
4309,73.88511223209034
4310,35.43849332058417
4311,29.41333470846765
4312,59.072709777114405
4313,39.012694948627995
4314,26.353357622001617
4315,63.46203564690458
4316,28.70945248727385
4317,48.508234425659126
4318,57.45245647357754
4319,43.93200693509714
4320,58.43615537477791
4321,60.6770650762257
4322,29.407426115184904
4323,62.559886406053366
4324,68.70737208886526
4325,29.798927820448334
4326,25.260095276195756
4327,36.756229078167486
4328,27.85846151564798
4329,69.26761790121385
4330,59.352876160612304
4331,30.221864815081112
4332,40.84431947716552
4333,36.252905534762625
4334,28.209263048098073
4335,68.75457444890702
4336,33.9768040819887
4337,30.08412632862499
4338,25.62658391785132
4339,32.44750575555749
4340,63.53802705882525
4341,29.75963606109191
4342,29.892221951791463
4343,31.168127799218368
4344,53.93719228712667
4345,31.552770249077824
4346,69.32791675609266
4347,32.15092696505491
4348,59.252276006741646
4349,67.68346136983106
4350,30.992474819320798
4351,65.75742120117178
4352,38.5371740109715
4353,34.69519969847955
4354,37.83427303493501
4355,49.89398408645259
4356,70.15594456828595
4357,40.58543831219426
4358,34.01753035125115
4359,55.36597475573011
4360,52.983802708733606
4361,32.88176083700661
4362,28.138994518151414
4363,78.06146549213878
4364,26.96973273054435
4365,49.95743192721773
4366,36.98551157320261
4367,72.54826843730058
4368,47.68345864871442
4369,48.5099082580138
4370,48.7927214824063
4371,34.23531037123004
4372,29.581026722459008
4373,61.18622898667998
4374,32.31266525776651
4375,36.465333735475745
4376,41.099011159900215
4377,36.40036646355504
4378,64.70548567033967
4379,72.80106051346343
4380,30.21587504362806
4381,29.72472457003208
4382,35.6845916517215
4383,39.69080445502905
4384,35.66745489771667
4385,35.555996813506766
4386,52.15883181796094
4387,61.01367838557407
4388,29.45139932264607
4389,69.78029615767373
4390,46.120309292369036
4391,73.19635189703243
4392,35.313037973775224
4393,59.273287392732755
4394,66.13410855480048
4395,23.664121816856344
4396,31.570014438952043
4397,58.830025001727606
4398,66.34255474832271
4399,75.44399838059118
4400,33.78319575037549
4401,73.42551893420246
4402,33.41985751194814
4403,60.902774518184614
4404,35.68755592137197
4405,66.43728662600881
4406,32.86591470940645
4407,71.68494490505769
4408,34.19516958934813
4409,50.76551170282507
4410,64.1326370042226
4411,27.762821051027004
4412,49.49633232528495
4413,70.09767697310016
4414,61.73545713221075
4415,43.826876039700416
4416,70.73073825388676
4417,27.321822096462398
4418,54.318768350376764
4419,28.460401472496443
4420,50.62437942327749
4421,30.911952409525753
4422,72.80124364234504
4423,33.62675829264222
4424,52.47347945036327
4425,53.10115054523409
4426,53.651449506357466
4427,25.469334712569164
4428,57.24361148220647
4429,44.832106530356114
4430,51.918185434858614
4431,28.005312400690563
4432,32.22478670253766
4433,56.568303745347976
4434,61.92326547179954
4435,28.974559661176734
4436,33.501109049207905
4437,52.46176898415182
4438,29.662064561762072
4439,39.43409682008958
4440,31.65956721024415
4441,31.676406308562946
4442,69.93910614705429
4443,62.175948798471666
4444,52.74732541675209
4445,24.088770413399857
4446,45.828548297500625
4447,76.77515558786016
4448,38.178309970782905
4449,29.564598356393937
4450,52.95141803407563
4451,51.16884485722429
4452,65.92658536531091
4453,58.6128483451546
4454,78.46397664159998
4455,65.578427436144
4456,58.959338881116665
4457,31.59072643331143
4458,55.10345980959712
4459,34.84261103452248
4460,67.28760628416066
4461,75.9221551681186
4462,30.474322398869994
4463,73.28376102759574
4464,69.71340037762923
4465,41.86696069609537
4466,35.12303790331579
4467,30.221909392114426
4468,44.90628652161063
4469,75.87294415902656
4470,25.906339784496417
4471,55.74748517172597
4472,37.18658409707095
4473,25.1758681567011
4474,33.879091716479394
4475,64.98991035071897
4476,31.65022315111665
4477,37.26170587317158
4478,56.48170446481825
4479,32.728267916685816
4480,30.102014060578412
4481,39.5547808772059
4482,37.47744976349711
4483,65.85914469496697
4484,34.500595681017465
4485,31.588376600246058
4486,27.03941357577603
4487,72.27476274782671
4488,69.82237648030251
4489,34.36623899185065
4490,25.199081033992385
4491,37.520518321320104
4492,30.557296463053987
4493,47.48662985627369
4494,24.76445441325862
4495,49.99113284045613
4496,28.46443602971302
4497,38.08899001122274
4498,30.163152320560307
4499,47.215488681062695
4500,26.883422773906673
4501,30.35669787309928
4502,68.97406450979574
4503,59.21956210983929
4504,77.01907883894948
4505,28.834054354936832
4506,61.897745949137956
4507,39.23648021344896
4508,35.5905972311134
4509,75.40420422323012
4510,50.79411540903923
4511,56.374562815680775
4512,32.081686163615714
4513,53.814351274248025
4514,54.7453394378046
4515,50.02440335620692
4516,62.85186085004729
4517,52.423439849381175
4518,24.89114136960235
4519,27.60488708862931
4520,35.8749303766132
4521,41.37676365306065
4522,33.43311414614978
4523,36.416647346609764
4524,56.20338205313588
4525,25.486594221573355
4526,34.144368923895065
4527,26.527429437382075
4528,34.234471058461
4529,68.99385492588274
4530,51.937346944460145
4531,63.88188744359532
4532,70.95608022602339
4533,30.564872120893902
4534,31.36914226697506
4535,27.440214316373698
4536,69.22681672710429
4537,65.65288951182119
4538,28.40076321061438
4539,28.236698317967722
4540,72.21666930522547
4541,62.957882836633786
4542,27.718221644890242
4543,25.167735654212763
4544,30.60205609883524
4545,73.20028115611997
4546,81.76884713208771
4547,60.01844415143252
4548,75.03363514071157
4549,76.16201803531871
4550,58.80124245055327
4551,51.87598055327891
4552,31.303818647883183
4553,30.51817543877631
4554,59.043722458130546
4555,33.31156266353727
4556,73.68844487198133
4557,51.392761401804606
4558,32.074799022543054
4559,53.59693633305838
4560,30.241306546719244
4561,30.273798824857586
4562,63.82929643273729
4563,37.09380636325773
4564,28.656925245433513
4565,55.602097143582384
4566,32.97669890726384
4567,62.16769792767729
4568,50.069721264938664
4569,60.70078022527867
4570,27.99828467280763
4571,49.758081039005525
4572,26.794094924235097
4573,74.11952464492626
4574,26.418209193985625
4575,29.885745643628553
4576,45.3544873169428
4577,57.47908355423989
4578,74.728591725407
4579,30.88728515049676
4580,53.05942730684313
4581,59.527581924676284
4582,57.98160772433572
4583,76.98872023973252
4584,35.96853528873375
4585,62.54366445474129
4586,24.11905147751412
4587,34.804219802215236
4588,57.97403622303028
4589,61.41191910896559
4590,61.73892020762307
4591,34.71630677093866
4592,63.0695859525686
4593,70.420587974378
4594,27.55945605929581
4595,28.541152173053234
4596,37.64196496725932
4597,27.87591739176549
4598,33.081448728113806
4599,28.703690807300042
4600,65.84501077624303
4601,31.02202517472702
4602,35.669658981704366
4603,43.43550209090631
4604,60.41649545428908
4605,73.2781121662623
4606,41.383998173821695
4607,34.17008005821227
4608,46.17065686523316
4609,62.55148707951605
4610,38.70573017040711
4611,24.933738411380062
4612,36.4742660487548
4613,35.19697642944314
4614,34.0750937493984
4615,33.770665784284624
4616,70.7176955790676
4617,29.25310688899129
4618,87.80643841091621
4619,39.51008220332598
4620,37.83934569554015
4621,33.14102885022445
4622,59.148821252531675
4623,28.022441925989398
4624,36.399309781615415
4625,73.11135418793585
4626,73.49339556457059
4627,77.41626449408322
4628,72.17697988746876
4629,34.63325524333722
4630,73.43830082504888
4631,73.3983242022395
4632,41.1690859115558
4633,30.4275399888664
4634,67.43997717242121
4635,59.02407805081513
4636,32.316452536858414
4637,35.58837884730925
4638,67.23868554660169
4639,68.04070643701576
4640,32.58877978197999
4641,70.24944712946412
4642,33.32176843127828
4643,75.8008566430224
4644,35.006933048423974
4645,28.56804296970958
4646,75.76366300171105
4647,73.56802022373066
4648,35.222909535791445
4649,24.62054685123077
4650,50.85780188013338
4651,41.28549374698514
4652,43.85249492900709
4653,72.66812372948746
4654,76.13410826824578
4655,36.740216499023425
4656,34.34236592193955
4657,28.462785901865196
4658,28.2302909921544
4659,62.44502876390413
4660,29.797386435431363
4661,32.65696028646057
4662,66.47308311025866
4663,58.95662274527123
4664,71.63091500269337
4665,27.97596278659288
4666,76.54429231772542
4667,26.883768714893918
4668,23.663169139420376
4669,35.61000085005899
4670,40.23496975646586
4671,70.84200905435232
4672,51.4409161132685
4673,34.47925764393218
4674,68.30470950834146
4675,52.526099047141955
4676,33.61710110307019
4677,70.24759200847201
4678,31.817277420653504
4679,59.40939675419894
4680,69.87643783868359
4681,32.84567671629347
4682,72.58702634798442
4683,42.49473706222333
4684,58.438121030979445
4685,33.661274861994514
4686,65.82532669994384
4687,68.94602297117456
4688,34.38156477154218
4689,61.845678337584204
4690,28.923789979457624
4691,61.75454112395004
4692,53.67321300461391
4693,29.40101489090781
4694,67.08133101921587
4695,65.76289142059458
4696,58.820775794582644
4697,26.929426283026707
4698,36.450010147515336
4699,72.15650446643245
4700,68.26450728821789
4701,33.91352928841962
4702,43.344651175482106
4703,32.066471581343855
4704,28.296085651623265
4705,38.84090031211679
4706,30.401921494194227
4707,63.15035643415517
4708,28.622553053950668
4709,35.01015613259443
4710,26.82221147615899
4711,33.86107747991315
4712,62.53670681812856
4713,35.99326668028612
4714,36.96575461299268
4715,76.41764097822951
4716,36.76475735172362
4717,62.653149991347576
4718,34.23723338414963
4719,23.1086823056865
4720,68.82233435125431
4721,27.772587480943216
4722,51.63735177109945
4723,31.12096950877403
4724,38.4997455122305
4725,30.430727138584537
4726,30.05768692712497
4727,63.153126523535335
4728,66.97515482483959
4729,70.65294053798154
4730,70.49501696122694
4731,62.42224215997409
4732,37.28265159256608
4733,36.56024112683952
4734,45.3266266059064
4735,29.528806412615666
4736,32.659850282325905
4737,66.17101786522436
4738,28.11048649634975
4739,78.34254235311217
4740,74.78436978120568
4741,28.293939550930702
4742,34.96894708010331
4743,68.41215364141132
4744,58.588139225647815
4745,60.466376240143425
4746,47.120505829179656
4747,65.72740838153973
4748,53.37046614108239
4749,74.23305074351559
4750,31.80956926851684
4751,35.91416172457423
4752,34.46553378402766
4753,72.60245424342375
4754,82.08722665504007
4755,33.81460310889227
4756,60.490481767962535
4757,41.00310071792851
4758,74.01396535281668
4759,28.410612527844215
4760,58.05933232078314
4761,61.60795948468524
4762,26.900445488225294
4763,67.83904346209104
4764,36.1662459445821
4765,25.450972110780306
4766,30.394370204041472
4767,35.881408834390925
4768,31.629322205879596
4769,30.79078685290851
4770,32.06827058671499
4771,28.41611611405437
4772,37.861150151512675
4773,68.87007438362613
4774,37.09036008620959
4775,57.9370080923319
4776,62.72094423312547
4777,33.110924767779025
4778,27.305686995447736
4779,62.56631165494042
4780,53.126010259452684
4781,62.97168343486923
4782,30.220042257508105
4783,50.03395822460807
4784,36.39167331359038
4785,34.462967030074005
4786,31.106357051546546
4787,73.2515081005864
4788,69.4586226654068
4789,77.43485644367594
4790,30.903033777301346
4791,65.96770024846816
4792,61.37299359630229
4793,30.933724321122504
4794,30.148978079142303
4795,34.47061055809835
4796,39.296141769692134
4797,26.792051489495506
4798,38.75597800728055
4799,54.81482388973019
4800,63.56554278891555
4801,30.255774847883742
4802,26.507303641206903
4803,26.36272139270615
4804,35.10823078260667
4805,30.139350009381815
4806,24.96037326219146
4807,70.38868003109907
4808,34.64641076623258
4809,80.4485958881449
4810,59.852549835792715
4811,66.03054430214871
4812,28.20849322998877
4813,30.05093741003308
4814,67.39309477485374
4815,53.54734523553164
4816,55.90991183715556
4817,58.7768887638033
4818,32.33071628356936
4819,90.02950627270675
4820,46.10094325618503
4821,30.285433628474557
4822,42.03621364777189
4823,44.46864451619085
4824,34.67660090977151
4825,26.125090474312728
4826,52.59443790376291
4827,30.67308935637851
4828,62.326677866775654
4829,30.87188599702789
4830,67.34526029273091
4831,60.225982486146265
4832,76.38801181993888
4833,30.449200644063538
4834,25.209143226209278
4835,27.172463398990836
4836,23.807082241307754
4837,27.742112595233678
4838,62.22296765109124
4839,77.21305100616118
4840,50.78186423619181
4841,62.44464030490852
4842,32.77978770017452
4843,33.045056545184956
4844,37.562618793675576
4845,25.63053948195509
4846,52.16593403264791
4847,75.5891190415317
4848,68.85232961139045
4849,28.223458361529133
4850,27.124963158859096
4851,35.562553535872425
4852,59.94912779073987
4853,29.44396348882345
4854,35.78086812547845
4855,47.83875858006594
4856,67.42467959675153
4857,44.902522583998476
4858,40.66795508309187
4859,32.04429492743913
4860,29.957435746547347
4861,37.087468828189635
4862,31.995521625343997
4863,33.586193929441855
4864,66.29649052277634
4865,37.20256814417995
4866,70.57213588103784
4867,32.58945308100982
4868,30.99085102229573
4869,41.81071662867745
4870,33.50792149436932
4871,72.38883666529537
4872,62.396915777370666
4873,36.86234860894771
4874,28.46293851256258
4875,45.18103244951045
4876,60.64596978367369
4877,35.05625775206819
4878,78.7303716552642
4879,73.25983134755269
4880,36.040741636280245
4881,49.16220882561219
4882,37.31508193825106
4883,31.523447498690913
4884,32.04288328874005
4885,57.73694255071703
4886,73.58349816891419
4887,39.78102442060651
4888,44.0138247127032
4889,24.269632069480444
4890,55.40552777332961
4891,38.78323394626261
4892,25.935559474775324
4893,65.79617378431186
4894,36.97616174945403
4895,33.32006214781722
4896,37.740293732158655
4897,71.2314812619748
4898,39.885847317887986
4899,67.85642346469618
4900,50.46853184301874
4901,75.3738276791984
4902,62.65444254122676
4903,68.07913750373342
4904,55.18173130433239
4905,66.74157175604276
4906,61.63471757534494
4907,34.41306094338656
4908,28.561134229437776
4909,72.49306771689466
4910,38.55334888221781
4911,22.566180560613496
4912,27.41533562185493
4913,74.77200661984175
4914,20.303754275440966
4915,35.64265689383048
4916,42.13553700806196
4917,51.29199771153814
4918,31.504536854986732
4919,72.0392692023131
4920,27.181537576080622
4921,30.562929564438818
4922,30.835533371451305
4923,60.29257597344913
4924,31.550714173619355
4925,42.441341066702506
4926,71.72570994617054
4927,32.89827122829484
4928,69.75174209596668
4929,76.08510849149444
4930,30.680279664003848
4931,48.11763814467379
4932,50.89109575308643
4933,58.98974538190497
4934,31.994007086246476
4935,33.08694272275664
4936,65.97095096451817
4937,28.188614895959958
4938,76.90263693978595
4939,36.27734337592315
4940,57.43674340841687
4941,64.17396620497414
4942,53.70313860356784
4943,62.83320423337792
4944,25.07258801441548
4945,73.55884098590217
4946,30.053746209795897
4947,35.03460902519687
4948,26.483747627120614
4949,32.07964345555832
4950,35.363541926082526
4951,16.499453697048494
4952,39.330379914331495
4953,59.36305817512516
4954,57.0760204053548
4955,64.42687605703901
4956,34.20415446766032
4957,32.204703720047924
4958,58.6124988400167
4959,38.86451951462939
4960,34.11029704059461
4961,31.919222110594376
4962,69.97323778807478
4963,52.93278683869406
4964,36.64931316022393
4965,68.83065700038948
4966,33.76023129557454
4967,51.664740003163836
4968,77.63206707212264
4969,72.85493489469089
4970,71.52068135141751
4971,63.859318047348935
4972,35.54364818640855
4973,28.876453555542724
4974,64.70071523992122
4975,30.34647117947059
4976,32.26873024622582
4977,26.388319442588845
4978,43.310764796900145
4979,50.6565462070114
4980,75.4629614309326
4981,29.290101231487846
4982,30.855628188388266
4983,39.355374894319695
4984,52.57158826551168
4985,59.978341244105195
4986,74.1786820552168
4987,25.888894073375752
4988,55.86966950744422
4989,36.517675982638885
4990,68.7567530920796
4991,65.84587026199762
4992,33.59475417774442
4993,26.81562184606686
4994,52.62349695253458
4995,34.19394851260268
4996,60.693536696529804
4997,63.001225167285185
4998,53.47005557700227
4999,82.10112317063785
